#Method,URI Resource Path,Path Parameter,Query Parameter,Encrypted IBS Authorization/Effective UserID,Data Cipher,Secret Cipher,Comments
GET,/IBSDP/v2/accounts/{AcctNbr}/certificates-of-deposit,AcctNbr,NA,Y,AES/CBC/PKCS5Padding,RSA/ECB/PKCS1Padding,Covered
GET,/IBSLN/v2/accounts/{AcctNbr}/notes/{NoteNbr}/payoff,AcctNbr,NA,Y,AES/CBC/PKCS5Padding,RSA/ECB/PKCS1Padding,Covered
GET,/IBSCI/v2/remarks/{CIApplCde}/{CIApplNbr},CIApplNbr,NA,Y,AES/CBC/PKCS5Padding,RSA/ECB/PKCS1Padding,Covered
POST,/IBSCI/v2/remarks,NA,NA,Y,AES/CBC/PKCS5Padding,RSA/ECB/PKCS1Padding,Covered
PUT,/IBSCI/v2/remarks/{CIApplCde}/{CIApplNbr},CIApplNbr,NA,Y,AES/CBC/PKCS5Padding,RSA/ECB/PKCS1Padding,Covered
DELETE,/IBSCI/v2/remarks/{CIApplCde}/{CIApplNbr}/{CIRmrkEffDte}/{CIRmrkPrcsTme}/{CIRmrkEffTme},CIApplNbr,NA,Y,AES/CBC/PKCS5Padding,RSA/ECB/PKCS1Padding,Covered
GET,/IBSCI/v2/customers/search/name-address,NA,CICustNbrToStrtSearch|CICustNme,Y,AES/CBC/PKCS5Padding,RSA/ECB/PKCS1Padding,Covered
GET,/IBSCI/v2/customers/search/taxnbr,NA,CIKeySSN|CICustNbrToStrtSearch,Y,AES/CBC/PKCS5Padding,RSA/ECB/PKCS1Padding,Covered
GET,/IBSDP/v2/accounts/{AcctNbr}/balances,AcctNbr,NA,Y,AES/CBC/PKCS5Padding,RSA/ECB/PKCS1Padding,Covered
GET,/IBSCI/v2/customers/{CICustNbr}/statements,CICustNbr,NA,Y,AES/CBC/PKCS5Padding,RSA/ECB/PKCS1Padding,Covered
GET,/IBSDP/v2/accounts/{AcctNbr}/certificates-of-deposit/{TDId}/renegotiation,AcctNbr,NA,Y,AES/CBC/PKCS5Padding,RSA/ECB/PKCS1Padding,Covered
PUT,/IBSDP/v2/accounts/{AcctNbr}/certificates-of-deposit/{TDId}/renegotiation,AcctNbr,NA,Y,AES/CBC/PKCS5Padding,RSA/ECB/PKCS1Padding,Covered
GET,/IBSLN/v2/accounts/{AcctNbr}/notes/{NoteNbr}/collateral/{SeqNbr},AcctNbr,NA,Y,AES/CBC/PKCS5Padding,RSA/ECB/PKCS1Padding,Covered
POST,/IBSLN/v2/accounts/{AcctNbr}/notes/{NoteNbr}/collateral,AcctNbr,NA,Y,AES/CBC/PKCS5Padding,RSA/ECB/PKCS1Padding,Covered
PUT,/IBSLN/v2/accounts/{AcctNbr}/notes/{NoteNbr}/collateral/{SeqNbr},AcctNbr,NA,Y,AES/CBC/PKCS5Padding,RSA/ECB/PKCS1Padding,Covered
DELETE,/IBSLN/v2/accounts/{AcctNbr}/notes/{NoteNbr}/collateral/{SeqNbr},AcctNbr,NA,Y,AES/CBC/PKCS5Padding,RSA/ECB/PKCS1Padding,Covered
GET,/IBSCI/v2/customers/{CICustNbr}/related-accounts,CICustNbr,NA,Y,AES/CBC/PKCS5Padding,RSA/ECB/PKCS1Padding,Covered
GET,/IBSCI/v2/customers/{CIApplNbr},CIApplNbr,NA,Y,AES/CBC/PKCS5Padding,RSA/ECB/PKCS1Padding,Covered
GET,/IBSDP/v2/accounts/{AcctNbr}/transactions,AcctNbr,NA,Y,AES/CBC/PKCS5Padding,RSA/ECB/PKCS1Padding,Covered
PUT,/IBSCI/v2/customers/{CIApplNbr}/addresses,CIApplNbr,NA,Y,AES/CBC/PKCS5Padding,RSA/ECB/PKCS1Padding,Covered
POST,/IBSFM/v2/immediate-transfers,NA,NA,Y,AES/CBC/PKCS5Padding,RSA/ECB/PKCS1Padding,Covered
GET,/IBSFM/v2/maintenance-history,NA,FAcctNbr|FSubApplNbr,Y,AES/CBC/PKCS5Padding,RSA/ECB/PKCS1Padding,Covered
POST,/IBSFM/v2/scheduled-transfers,NA,NA,Y,AES/CBC/PKCS5Padding,RSA/ECB/PKCS1Padding,Covered
GET,/IBSFM/v2/scheduled-transfers/{SysCde}/{SndAcctNbr}/{SeqNbr},SndAcctNbr,NA,Y,AES/CBC/PKCS5Padding,RSA/ECB/PKCS1Padding,Covered
PUT,/IBSFM/v2/scheduled-transfers/{SysCde}/{SndAcctNbr}/{SeqNbr},SndAcctNbr,NA,Y,AES/CBC/PKCS5Padding,RSA/ECB/PKCS1Padding,Covered
DELETE,/IBSFM/v2/scheduled-transfers/{SysCde}/{SndAcctNbr}/{SeqNbr},SndAcctNbr,NA,Y,AES/CBC/PKCS5Padding,RSA/ECB/PKCS1Padding,Covered
POST,/IBSFM/v3/scheduled-transfers,NA,NA,Y,AES/CBC/PKCS5Padding,RSA/ECB/PKCS1Padding,Covered
GET,/IBSFM/v3/scheduled-transfers/{SysCde}/{SndAcctNbr}/{SeqNbr},SndAcctNbr,NA,Y,AES/CBC/PKCS5Padding,RSA/ECB/PKCS1Padding,Covered
PUT,/IBSFM/v3/scheduled-transfers/{TrgtSysCde}/{SndAcctNbr}/{SeqNbr},SndAcctNbr,NA,Y,AES/CBC/PKCS5Padding,RSA/ECB/PKCS1Padding,Covered
DELETE,/IBSFM/v3/scheduled-transfers/{SysCde}/{SndAcctNbr}/{SeqNbr},SndAcctNbr,NA,Y,AES/CBC/PKCS5Padding,RSA/ECB/PKCS1Padding,Covered
PUT,/IBSCI/v2/customers/{CIApplNbr}/individual-demographics,CIApplNbr,NA,Y,AES/CBC/PKCS5Padding,RSA/ECB/PKCS1Padding,Covered
GET,/IBSCI/v2/customers/{CustNbr}/email-addresses,CustNbr,NA,Y,AES/CBC/PKCS5Padding,RSA/ECB/PKCS1Padding,Covered
GET,/IBSCI/v2/customers/{CustNbr}/phone-numbers,CustNbr,NA,Y,AES/CBC/PKCS5Padding,RSA/ECB/PKCS1Padding,Covered
POST,/IBSCI/v2/customers/{CustNbr}/email-addresses,CustNbr,NA,Y,AES/CBC/PKCS5Padding,RSA/ECB/PKCS1Padding,Covered
DELETE,/IBSCI/v2/customers/{CustNbr}/email-addresses/{ResnCde}/{EffDte},CustNbr,NA,Y,AES/CBC/PKCS5Padding,RSA/ECB/PKCS1Padding,Covered
POST,/IBSCI/v2/customers/{CustNbr}/phone-numbers,CustNbr,NA,Y,AES/CBC/PKCS5Padding,RSA/ECB/PKCS1Padding,Covered
PUT,/IBSCI/v2/customers/{CustNbr}/phone-numbers/{ResnCde},CustNbr,NA,Y,AES/CBC/PKCS5Padding,RSA/ECB/PKCS1Padding,Covered
DELETE,/IBSCI/v2/customers/{CustNbr}/phone-numbers/{ResnCde}/{EffDte},CustNbr,NA,Y,AES/CBC/PKCS5Padding,RSA/ECB/PKCS1Padding,Covered
PUT,/IBSDP/v2/accounts/{AcctNbr}/datachange,AcctNbr,NA,Y,AES/CBC/PKCS5Padding,RSA/ECB/PKCS1Padding,Covered
GET,/IBSLN/v2/accounts/{AcctNbr}/addresses,AcctNbr,NA,Y,AES/CBC/PKCS5Padding,RSA/ECB/PKCS1Padding,Covered
PUT,/IBSDP/v2/accounts/{DPAcctNbr}/keywords,DPAcctNbr,NA,Y,AES/CBC/PKCS5Padding,RSA/ECB/PKCS1Padding,Covered
POST,/IBSDP/v2/accounts/{DPAcctNbr}/holds,DPAcctNbr,NA,Y,AES/CBC/PKCS5Padding,RSA/ECB/PKCS1Padding,Covered
PUT,/IBSDP/v2/accounts/{DPAcctNbr}/holds/{DPHldIdNbr},DPAcctNbr,NA,Y,AES/CBC/PKCS5Padding,RSA/ECB/PKCS1Padding,Covered
GET,/IBSDP/v2/accounts/{DPAcctNbr}/holds,DPAcctNbr,NA,Y,AES/CBC/PKCS5Padding,RSA/ECB/PKCS1Padding,Covered
POST,/IBSDP/v2/accounts/{DPAcctNbr}/stop-payments,DPAcctNbr,NA,Y,AES/CBC/PKCS5Padding,RSA/ECB/PKCS1Padding,Covered
DELETE,/IBSDP/v2/accounts/{DPAcctNbr}/stop-payments/{DPStpPmtId},DPAcctNbr,NA,Y,AES/CBC/PKCS5Padding,RSA/ECB/PKCS1Padding,Covered
GET,/IBSDP/v2/accounts/{DPAcctNbr}/stop-payments,DPAcctNbr,NA,Y,AES/CBC/PKCS5Padding,RSA/ECB/PKCS1Padding,Covered
GET,/IBSBC/v2/dp-account-options/{AcctTypeKey},NA,NA,Y,AES/CBC/PKCS5Padding,RSA/ECB/PKCS1Padding,Covered
GET,/IBSBC/v2/investment-rates,NA,NA,Y,AES/CBC/PKCS5Padding,RSA/ECB/PKCS1Padding,Covered
POST,/IBSLN/v2/accounts/{LNAcctNbr}/notes/{LNNoteNbr}/payments,LNAcctNbr,NA,Y,AES/CBC/PKCS5Padding,RSA/ECB/PKCS1Padding,Covered
GET,/IBSLN/v2/accounts/{LNAcctNbr}/notes/{LNNoteNbr}/transactions,LNAcctNbr,NA,Y,AES/CBC/PKCS5Padding,RSA/ECB/PKCS1Padding,Covered
POST,/IBSCI/v2/external-accounts,NA,NA,Y,AES/CBC/PKCS5Padding,RSA/ECB/PKCS1Padding,Covered
PUT,/IBSCI/v2/external-accounts/{ApplCde}/{ApplNbr},ApplNbr,NA,Y,AES/CBC/PKCS5Padding,RSA/ECB/PKCS1Padding,Covered
DELETE,/IBSCI/v2/external-accounts/{ApplCde}/{ApplNbr}/{ContactInd},ApplNbr,NA,Y,AES/CBC/PKCS5Padding,RSA/ECB/PKCS1Padding,Covered
GET,/IBSCI/v2/external-accounts/{ApplCde}/{ApplNbr},ApplNbr,NA,Y,AES/CBC/PKCS5Padding,RSA/ECB/PKCS1Padding,Covered
GET,/IBSII/v2/ddm-documents,NA,SuplTaxID|AcctIDPrmy|CustID,Y,AES/CBC/PKCS5Padding,RSA/ECB/PKCS1Padding,Covered
GET,/IBSCI/v2/customers/{CustNbr}/due-diligence-demographics,CustNbr,NA,Y,AES/CBC/PKCS5Padding,RSA/ECB/PKCS1Padding,Covered
PUT,/IBSCI/v2/customers/{CustNbr}/due-diligence-demographics,CustNbr,NA,Y,AES/CBC/PKCS5Padding,RSA/ECB/PKCS1Padding,Covered
POST,/IBSCI/v2/accounts,NA,NA,Y,AES/CBC/PKCS5Padding,RSA/ECB/PKCS1Padding,Covered
POST,/IBSCI/v2/customers/individuals,NA,NA,Y,AES/CBC/PKCS5Padding,RSA/ECB/PKCS1Padding,Covered
POST,/IBSDP/v2/account-numbers,NA,NA,Y,AES/CBC/PKCS5Padding,RSA/ECB/PKCS1Padding,Covered
POST,/IBSDP/v2/accounts,NA,NA,Y,AES/CBC/PKCS5Padding,RSA/ECB/PKCS1Padding,Covered
GET,/IBSDP/v2/accounts/{AcctNbr},AcctNbr,NA,Y,AES/CBC/PKCS5Padding,RSA/ECB/PKCS1Padding,Covered
POST,/IBSDP/v2/dollar-transactions,NA,NA,Y,AES/CBC/PKCS5Padding,RSA/ECB/PKCS1Padding,Covered
POST,/IBSDP/v2/accounts/{AcctNbr}/addresses,AcctNbr,NA,Y,AES/CBC/PKCS5Padding,RSA/ECB/PKCS1Padding,Covered
PUT,/IBSDP/v2/accounts/{AcctNbr}/addresses/{DPNmeAndAddrTyp},AcctNbr,NA,Y,AES/CBC/PKCS5Padding,RSA/ECB/PKCS1Padding,Covered
GET,/IBSDP/v2/accounts/{AcctNbr}/addresses,AcctNbr,NA,Y,AES/CBC/PKCS5Padding,RSA/ECB/PKCS1Padding,Covered
GET,/IBSBC/v2/deposit-interest-plans/{IntPln},NA,NA,Y,AES/CBC/PKCS5Padding,RSA/ECB/PKCS1Padding,Covered
POST,/IBSBC/v2/deposit-interest-plans,NA,NA,Y,AES/CBC/PKCS5Padding,RSA/ECB/PKCS1Padding,Covered
PUT,/IBSBC/v2/deposit-interest-plans/{IntPln},NA,NA,Y,AES/CBC/PKCS5Padding,RSA/ECB/PKCS1Padding,Covered
PUT,/IBSCB/v2/cards/{CBCrdNbr}/activation,CBCrdNbr,NA,Y,AES/CBC/PKCS5Padding,RSA/ECB/PKCS1Padding,Covered
PUT,/IBSCB/v2/cards/{CBCrdNbr}/negative-file,CBCrdNbr,NA,Y,AES/CBC/PKCS5Padding,RSA/ECB/PKCS1Padding,Covered
PUT,/IBSCB/v2/cards/{CBCrdNbr}/negative-file-ivr,CBCrdNbr,NA,Y,AES/CBC/PKCS5Padding,RSA/ECB/PKCS1Padding,Covered
PUT,/IBSCB/v2/cards/{CBCrdNbr}/pins-ivr,CBCrdNbr,NA,Y,AES/CBC/PKCS5Padding,RSA/ECB/PKCS1Padding,Covered
GET,/IBSCB/v2/cards/{CBCrdNbr}/pins-ivr,CBCrdNbr,CBPin|CBOrgnPh,Y,AES/CBC/PKCS5Padding,RSA/ECB/PKCS1Padding,Covered
PUT,/IBSCB/v2/cards/{CrdNbr}/pins,CrdNbr,NA,Y,AES/CBC/PKCS5Padding,RSA/ECB/PKCS1Padding,Covered
GET,/IBSCB/v2/dda-accounts/{DDAAcctNbr}/pending-transactions,DDAAcctNbr,CrdNbr,Y,AES/CBC/PKCS5Padding,RSA/ECB/PKCS1Padding,Covered
GET,/IBSCB/v2/savings-accounts/{SavAcctNbr}/pending-transactions,SavAcctNbr,CrdNbr,Y,AES/CBC/PKCS5Padding,RSA/ECB/PKCS1Padding,Covered
POST,/IBSDP/v2/transfers,NA,NA,Y,AES/CBC/PKCS5Padding,RSA/ECB/PKCS1Padding,Covered
GET,/IBSCI/v2/customers/{CICustNbr}/profile,CICustNbr,NA,Y,AES/CBC/PKCS5Padding,RSA/ECB/PKCS1Padding,Covered
GET,/IBSLN/v2/accounts/{AcctNbr}/notes,AcctNbr,NA,Y,AES/CBC/PKCS5Padding,RSA/ECB/PKCS1Padding,Covered
POST,/IBSDP/v2/accounts/{AcctNbr}/certificates-of-deposit,AcctNbr,NA,Y,AES/CBC/PKCS5Padding,RSA/ECB/PKCS1Padding,Covered
GET,/IBSFM/v2/transfer-relationships/{FMReceivingAcctNbr}/{FMApplCde},FMReceivingAcctNbr,FMSubsidiaryApplNbr|FMRepositionAcctNbr,Y,AES/CBC/PKCS5Padding,RSA/ECB/PKCS1Padding,Covered
POST,/IBSCI/v2/miscellaneous-accounts,NA,NA,Y,AES/CBC/PKCS5Padding,RSA/ECB/PKCS1Padding,Covered
POST,/IBSDO/v2/deposit-origination,NA,NA,Y,AES/CBC/PKCS5Padding,RSA/ECB/PKCS1Padding,Covered
PUT,/IBSDO/v2/accounts/{DPAcctNbr}/multiple-keywords,DPAcctNbr,NA,Y,AES/CBC/PKCS5Padding,RSA/ECB/PKCS1Padding,Covered
POST,/IBSCB/v2/card-numbers,NA,NA,Y,AES/CBC/PKCS5Padding,RSA/ECB/PKCS1Padding,Covered
POST,/IBSCB/v2/cards,NA,NA,Y,AES/CBC/PKCS5Padding,RSA/ECB/PKCS1Padding,Covered
GET,/IBSCB/v2/cards/{CBCrdNbr},CBCrdNbr,NA,Y,AES/CBC/PKCS5Padding,RSA/ECB/PKCS1Padding,Covered
POST,/IBSCB/v2/multiple-accounts,NA,NA,Y,AES/CBC/PKCS5Padding,RSA/ECB/PKCS1Padding,Covered
DELETE,/IBSCB/v2/multiple-accounts/{CrdNbr}/{AcctTyp}/{AcctNbr},CrdNbr|AcctNbr,NA,Y,AES/CBC/PKCS5Padding,RSA/ECB/PKCS1Padding,Covered
PUT,/IBSCB/v2/multiple-accounts/{CrdNbr},CrdNbr,NA,Y,AES/CBC/PKCS5Padding,RSA/ECB/PKCS1Padding,Covered
GET,/IBSCB/v2/multiple-accounts/{CrdNbr},CrdNbr,NA,Y,AES/CBC/PKCS5Padding,RSA/ECB/PKCS1Padding,Covered
POST,/IBSCI/v2/customers/prospect-conversion,NA,NA,Y,AES/CBC/PKCS5Padding,RSA/ECB/PKCS1Padding,Covered
GET,/IBSCI/v2/customers/search/customer-number,NA,CICustNbr|CICustNbrToStrtSearch,Y,AES/CBC/PKCS5Padding,RSA/ECB/PKCS1Padding,Covered
GET,/IBSCI/v2/customers/search/telephone-number,NA,CIKeyPhNbr|CICustNbrToStrtSearch,Y,AES/CBC/PKCS5Padding,RSA/ECB/PKCS1Padding,Covered
POST,/IBSCB/v2/dda-sav-transfers,NA,NA,Y,AES/CBC/PKCS5Padding,RSA/ECB/PKCS1Padding,Covered
POST,/IBSCI/v2/account-account-relationships,NA,NA,Y,AES/CBC/PKCS5Padding,RSA/ECB/PKCS1Padding,Covered
DELETE,/IBSCI/v2/account-account-relationships/{ApCd1}/{AcNbr1}/{ApCd2}/{AcNbr2}/{E1ToE2RlCd}/{E2ToE1RlCd}/{CIRlEfDt},AcNbr1|AcNbr2,NA,Y,AES/CBC/PKCS5Padding,RSA/ECB/PKCS1Padding,Covered
PUT,/IBSCI/v2/customer-account-relationships/{ApCd1}/{ApNbr1},ApNbr1,NA,Y,AES/CBC/PKCS5Padding,RSA/ECB/PKCS1Padding,Covered
POST,/IBSCI/v2/customer-account-relationships,NA,NA,Y,AES/CBC/PKCS5Padding,RSA/ECB/PKCS1Padding,Covered
DELETE,/IBSCI/v2/customer-account-relationships/{ApCd1}/{ApNbr1}/{AcNbr2}/{E1ToE2RlCd}/{E2ToE1RlCd}/{CIRlEfDt},ApNbr1|AcNbr2,NA,Y,AES/CBC/PKCS5Padding,RSA/ECB/PKCS1Padding,Covered
GET,/IBSCI/v2/external-transfer-instructions/{ApplCde}/{ApplNbr},ApplNbr,FocusApplNbr,Y,AES/CBC/PKCS5Padding,RSA/ECB/PKCS1Padding,Covered
GET,/IBSCI/v2/transfer-relationships/{ApplCde}/{AcctNbr},AcctNbr,RepoPrmySubAcct,Y,AES/CBC/PKCS5Padding,RSA/ECB/PKCS1Padding,Covered
PUT,/IBSDP/v2/external-ach-transfers/{AcctNbr},AcctNbr,NA,Y,AES/CBC/PKCS5Padding,RSA/ECB/PKCS1Padding,Covered
GET,/IBSDP/v2/external-ach-transfers/{AcctNbr},AcctNbr,TrsfrAcctNbr|PrinTrsfrAcctNbr|HldAcctNbr,Y,AES/CBC/PKCS5Padding,RSA/ECB/PKCS1Padding,Covered
POST,/IBSFM/v2/deficit-transfers,NA,NA,Y,AES/CBC/PKCS5Padding,RSA/ECB/PKCS1Padding,Covered
PUT,/IBSFM/v2/deficit-transfers/{FMDPSysReceivingAcctNbr}/{RcvAcctSysCde}/{FMDfctTrsfrSeqNbr},FMDPSysReceivingAcctNbr,NA,Y,AES/CBC/PKCS5Padding,RSA/ECB/PKCS1Padding,Covered
DELETE,/IBSFM/v2/deficit-transfers/{FMDPSysReceivingAcctNbr}/{RcvAcctSysCde}/{FMDfctTrsfrSeqNbr},FMDPSysReceivingAcctNbr,NA,Y,AES/CBC/PKCS5Padding,RSA/ECB/PKCS1Padding,Covered
GET,/IBSFM/v2/deficit-transfers/{FMDPSysReceivingAcctNbr}/{RcvAcctSysCde}/{FMDfctTrsfrSeqNbr},FMDPSysReceivingAcctNbr,NA,Y,AES/CBC/PKCS5Padding,RSA/ECB/PKCS1Padding,Covered
POST,/IBSFM/v2/excess-transfers,NA,NA,Y,AES/CBC/PKCS5Padding,RSA/ECB/PKCS1Padding,Covered
PUT,/IBSFM/v2/excess-transfers/{SndAcctNbr}/{SeqNbr}/{SndAcctSysCde},SndAcctNbr,NA,Y,AES/CBC/PKCS5Padding,RSA/ECB/PKCS1Padding,Covered
DELETE,/IBSFM/v2/excess-transfers/{SndAcctNbr}/{SeqNbr}/{SndAcctSysCde},SndAcctNbr,NA,Y,AES/CBC/PKCS5Padding,RSA/ECB/PKCS1Padding,Covered
GET,/IBSFM/v2/excess-transfers/{SndAcctNbr}/{SndAcctSysCde},SndAcctNbr,NA,Y,AES/CBC/PKCS5Padding,RSA/ECB/PKCS1Padding,Covered
PUT,/IBSSZ/v2/racf-password,NA,NA,Y,AES/CBC/PKCS5Padding,RSA/ECB/PKCS1Padding,Covered
GET,/IBSCB/v2/cards/{CBCrdNbr}/cardholders,CBCrdNbr,NA,Y,AES/CBC/PKCS5Padding,RSA/ECB/PKCS1Padding,Covered
GET,/IBSCB/v2/cards/{CrdNbr}/authentication,CrdNbr,PrmyHmPh|PrmySsn,Y,AES/CBC/PKCS5Padding,RSA/ECB/PKCS1Padding,Covered
POST,/IBSCI/v2/customers/address-edit,NA,NA,Y,AES/CBC/PKCS5Padding,RSA/ECB/PKCS1Padding,Covered
POST,/IBSCI/v2/customers/organizations,NA,NA,Y,AES/CBC/PKCS5Padding,RSA/ECB/PKCS1Padding,Covered
PUT,/IBSCI/v2/customers/{CIApplNbr}/organization-demographics,CIApplNbr,NA,Y,AES/CBC/PKCS5Padding,RSA/ECB/PKCS1Padding,Covered
GET,/IBSCI/v2/relationships/{ApCd1}/{ApN1}/{ApCd2}/{AcN2}/{E1E2RlCd}/{E2E1RlCd}/{RlEfDt}/{RlTyp}/{RlDemDatEl}/demog,ApN1|AcN2,CISubAcctNbr|CIRltSubAcctNbr,Y,AES/CBC/PKCS5Padding,RSA/ECB/PKCS1Padding,Altered URI Path
POST,/IBSCI/v2/relationships/demog,NA,NA,Y,AES/CBC/PKCS5Padding,RSA/ECB/PKCS1Padding,Altered URI Path
PUT,/IBSCI/v2/relationships/{ApCd1}/{ApN1}/{ApCd2}/{AcN2}/{E1E2RlCd}/{E2E1RlCd}/{RlEfDt}/{RlTyp}/{RlDemDatEl}/demog,ApN1|AcN2,NA,Y,AES/CBC/PKCS5Padding,RSA/ECB/PKCS1Padding,Altered URI Path
DELETE,/IBSCI/v2/relationships/{ApCd1}/{ApN1}/{ApCd2}/{AcN2}/{E1E2RlCd}/{E2E1RlCd}/{RlEfDt}/{RlTyp}/{RlDemDatEl}/demog,ApN1|AcN2,NA,Y,AES/CBC/PKCS5Padding,RSA/ECB/PKCS1Padding,Altered URI Path
PUT,/IBSCI/v2/accounts/{AppCde}/{ApplNbr}/name-address,ApplNbr,NA,Y,AES/CBC/PKCS5Padding,RSA/ECB/PKCS1Padding,Covered
POST,/IBSDP/v2/multiple-accounts/balances,NA,NA,Y,AES/CBC/PKCS5Padding,RSA/ECB/PKCS1Padding,Covered
GET,/IBSDP/v2/accounts/{AcctNbr}/account-transactions,AcctNbr,NA,Y,AES/CBC/PKCS5Padding,RSA/ECB/PKCS1Padding,Covered
GET,/IBSDP/v2/accounts/{DPAcctNbr}/account-transactions/intraday,DPAcctNbr,NA,Y,AES/CBC/PKCS5Padding,RSA/ECB/PKCS1Padding,Covered
GET,/IBSDP/v2/accounts/{DPAcctNbr}/account-transactions/prior-day,DPAcctNbr,NA,Y,AES/CBC/PKCS5Padding,RSA/ECB/PKCS1Padding,Covered
GET,/IBSII/v2/check-images/{AccountNumber}/{FinancialOrganization},AccountNumber,CheckNumber,Y,AES/CBC/PKCS5Padding,RSA/ECB/PKCS1Padding,Covered
GET,/IBSDP/v2/accounts/{AcctNbr}/transactions/intraday,AcctNbr,NA,Y,AES/CBC/PKCS5Padding,RSA/ECB/PKCS1Padding,Covered
GET,/IBSDP/v2/accounts/{AcctNbr}/transactions/non-intraday,AcctNbr,NA,Y,AES/CBC/PKCS5Padding,RSA/ECB/PKCS1Padding,Covered
GET,/IBSCI/v2/accounts/{AppCde}/{ApplNbr}/name-address,ApplNbr,NA,Y,AES/CBC/PKCS5Padding,RSA/ECB/PKCS1Padding,Covered
PUT,/IBSCI/v2/miscellaneous-accounts/{CIAcctApplCde}/{CIAcctAcctNbr}/name-address,CIAcctAcctNbr,NA,Y,AES/CBC/PKCS5Padding,RSA/ECB/PKCS1Padding,Covered
POST,/IBSCI/v2/accounts/address-edit,NA,NA,Y,AES/CBC/PKCS5Padding,RSA/ECB/PKCS1Padding,Covered
DELETE,/IBSCI/v2/accounts/{ApplCde}/{ApplNbr},ApplNbr,NA,Y,AES/CBC/PKCS5Padding,RSA/ECB/PKCS1Padding,Covered
GET,/IBSCI/v2/customers/{ApplCde}/{ApplNbr}/pin/{Pin},ApplNbr|Pin,NA,Y,AES/CBC/PKCS5Padding,RSA/ECB/PKCS1Padding,Covered
PUT,/IBSCI/v2/customers/{CustNbr}/pin,CustNbr,NA,Y,AES/CBC/PKCS5Padding,RSA/ECB/PKCS1Padding,Covered
POST,/IBSDP/v2/online-dollar-transactions,NA,NA,Y,AES/CBC/PKCS5Padding,RSA/ECB/PKCS1Padding,Covered
POST,/IBSDP/v2/multiple-dl-accounts/balances,NA,NA,Y,AES/CBC/PKCS5Padding,RSA/ECB/PKCS1Padding,Covered
GET,/IBSCI/v2/customers/{CustNbr}/aliases,CustNbr,NA,Y,AES/CBC/PKCS5Padding,RSA/ECB/PKCS1Padding,Altered URI Path
POST,/IBSCI/v2/customers/{CustNbr}/aliases,CustNbr,NA,Y,AES/CBC/PKCS5Padding,RSA/ECB/PKCS1Padding,Covered
PUT,/IBSCI/v2/customers/{CustNbr}/aliases/{AlSeqNbr},CustNbr,NA,Y,AES/CBC/PKCS5Padding,RSA/ECB/PKCS1Padding,Covered
DELETE,/IBSCI/v2/customers/{CustNbr}/aliases/{AlSeqNbr},CustNbr,NA,Y,AES/CBC/PKCS5Padding,RSA/ECB/PKCS1Padding,Covered
GET,/IBSCI/v2/customer-customer-relationships/{CustNbr},CustNbr,RltCustNbr,Y,AES/CBC/PKCS5Padding,RSA/ECB/PKCS1Padding,Covered
POST,/IBSCI/v2/customer-customer-relationships,NA,NA,Y,AES/CBC/PKCS5Padding,RSA/ECB/PKCS1Padding,Covered
DELETE,/IBSCI/v2/customer-customer-relationships/{CustNbr}/{RltCustNbr}/{EffDte}/{E1toE2Cde}/{E2toE1Cde},CustNbr|RltCustNbr,NA,Y,AES/CBC/PKCS5Padding,RSA/ECB/PKCS1Padding,Covered
GET,/IBSCI/v2/miscellaneous-accounts/{ApplCde}/{AcctNbr},AcctNbr,NA,Y,AES/CBC/PKCS5Padding,RSA/ECB/PKCS1Padding,Covered
PUT,/IBSCI/v2/miscellaneous-accounts/{ApplCde}/{AcctNbr},AcctNbr,NA,Y,AES/CBC/PKCS5Padding,RSA/ECB/PKCS1Padding,Covered
GET,/IBSDP/v2/accounts/{AcctNbr}/pin/{CurPin},AcctNbr|CurPin,NA,Y,AES/CBC/PKCS5Padding,RSA/ECB/PKCS1Padding,Covered
PUT,/IBSDP/v2/accounts/{AcctNbr}/pin/{CurPin},AcctNbr|CurPin,NA,Y,AES/CBC/PKCS5Padding,RSA/ECB/PKCS1Padding,Covered
GET,/IBSDP/v2/accounts/{DPAcctNbr}/stop-hold-dates,DPAcctNbr,NA,Y,AES/CBC/PKCS5Padding,RSA/ECB/PKCS1Padding,Covered
POST,/IBSDP/v2/closing-balance-transactions,NA,NA,Y,AES/CBC/PKCS5Padding,RSA/ECB/PKCS1Padding,Covered
GET,/IBSCI/v2/customers/{CICustNbr}/user-defined-profile,CICustNbr,VRUAcctNbr,Y,AES/CBC/PKCS5Padding,RSA/ECB/PKCS1Padding,Covered
GET,/IBSCI/v2/customers/{CICustNbr}/related-loan-accounts,CICustNbr,NA,Y,AES/CBC/PKCS5Padding,RSA/ECB/PKCS1Padding,Covered
PUT,/IBSDP/v2/bai-destinations/{DPDestCde},NA,NA,Y,AES/CBC/PKCS5Padding,RSA/ECB/PKCS1Padding,Covered
PUT,/IBSDP/v2/accounts/{AcctNbr},AcctNbr,NA,Y,AES/CBC/PKCS5Padding,RSA/ECB/PKCS1Padding,Covered
POST,/IBSCI/v2/combined-statement-relationships,NA,NA,Y,AES/CBC/PKCS5Padding,RSA/ECB/PKCS1Padding,Covered
PUT,/IBSCI/v2/customers/{SurvCustNbr}/combined-customer/{CombCustNbr},SurvCustNbr|CombCustNbr,NA,Y,AES/CBC/PKCS5Padding,RSA/ECB/PKCS1Padding,Covered
POST,/IBSCI/v2/accounts/{ApplCde}/{ApplNbr}/product-ids,ApplCde|ApplNbr,NA,Y,AES/CBC/PKCS5Padding,RSA/ECB/PKCS1Padding,Covered
PUT,/IBSCI/v2/accounts/{ApplCde}/{ApplNbr}/product-ids,ApplCde|ApplNbr,NA,Y,AES/CBC/PKCS5Padding,RSA/ECB/PKCS1Padding,Covered
GET,/IBSCI/v2/accounts/{ApplCde}/{RltAcctNbr}/profile,RltAcctNbr,NA,Y,AES/CBC/PKCS5Padding,RSA/ECB/PKCS1Padding,Covered
GET,/IBSDP/v2/accounts/{AcctNbr}/profile,AcctNbr,NA,Y,AES/CBC/PKCS5Padding,RSA/ECB/PKCS1Padding,Covered
GET,/IBSLN/v2/accounts/{AcctNbr}/profile,AcctNbr,NA,Y,AES/CBC/PKCS5Padding,RSA/ECB/PKCS1Padding,Covered
GET,/IBSCB/v2/accounts/{CBCrdNbr}/profile,CBCrdNbr,NA,Y,AES/CBC/PKCS5Padding,RSA/ECB/PKCS1Padding,Covered
GET,/IBSSB/v2/accounts/{AcctNbr}/profile,AcctNbr,NA,Y,AES/CBC/PKCS5Padding,RSA/ECB/PKCS1Padding,Covered
GET,/IBSCI/v2/customers/{CustNbr}/rvm-enrollments,CustNbr,SubAcctNbr,Y,AES/CBC/PKCS5Padding,RSA/ECB/PKCS1Padding,Covered
GET,/IBSCI/v2/accounts/{ApplCde}/{ApplNbr}/rvm-enrollments,ApplCde|ApplNbr,SubAcctNbr,Y,AES/CBC/PKCS5Padding,RSA/ECB/PKCS1Padding,Covered
GET,/IBSDP/v2/accounts/{AcctNbr}/rvm-enrollments,AcctNbr,SubAcctNbr,Y,AES/CBC/PKCS5Padding,RSA/ECB/PKCS1Padding,Covered
GET,/IBSLN/v2/accounts/{AcctNbr}/rvm-enrollments,AcctNbr,SubAcctNbr,Y,AES/CBC/PKCS5Padding,RSA/ECB/PKCS1Padding,Covered
GET,/IBSCB/v2/accounts/{CBCrdNbr}/rvm-enrollments,CBCrdNbr,SubAcctNbr,Y,AES/CBC/PKCS5Padding,RSA/ECB/PKCS1Padding,Covered
GET,/IBSSB/v2/accounts/{AcctNbr}/rvm-enrollments,AcctNbr,SubAcctNbr,Y,AES/CBC/PKCS5Padding,RSA/ECB/PKCS1Padding,Covered
POST,/IBSDP/v2/td-withdrawal-adjustment-transactions,NA,NA,Y,AES/CBC/PKCS5Padding,RSA/ECB/PKCS1Padding,Covered
POST,/IBSDP/v2/float-transactions,NA,NA,Y,AES/CBC/PKCS5Padding,RSA/ECB/PKCS1Padding,Covered
GET,/IBSCI/v2/customers-dp-accounts/{CICustNbr}/{AcctNbr},CICustNbr|AcctNbr,NA,Y,AES/CBC/PKCS5Padding,RSA/ECB/PKCS1Padding,Covered
GET,/IBSSB/v2/branches/{Brnch}/vacant-boxes,NA,NA,Y,AES/CBC/PKCS5Padding,RSA/ECB/PKCS1Padding,Covered
GET,/IBSSB/v2/branches/{Brnch}/boxes/{BoxPrfx}/{BoxNbr}/accesses,NA,NA,Y,AES/CBC/PKCS5Padding,RSA/ECB/PKCS1Padding,Covered
POST,/IBSSB/v2/branches/{Brnch}/boxes/{BoxPrfx}/{BoxNbr}/accesses,NA,NA,Y,AES/CBC/PKCS5Padding,RSA/ECB/PKCS1Padding,Covered
DELETE,/IBSSB/v2/branches/{Brnch}/boxes/{BoxPrfx}/{BoxNbr}/accesses/{AccDte},NA,NA,Y,AES/CBC/PKCS5Padding,RSA/ECB/PKCS1Padding,Covered
PUT,/IBSCI/v2/combined-statement-relationships/{CICustNbr}/{CICurPriAcctNbr},CICustNbr|CICurPriAcctNbr,NA,Y,AES/CBC/PKCS5Padding,RSA/ECB/PKCS1Padding,Covered
DELETE,/IBSCI/v2/combined-statement-relationships/{CICustNbr}/{CICurPriAcctNbr},CICustNbr|CICurPriAcctNbr,NA,Y,AES/CBC/PKCS5Padding,RSA/ECB/PKCS1Padding,Covered
POST,/IBSDP/v2/accounts/{AcctNbr}/desa-sub-accounts,AcctNbr,NA,Y,AES/CBC/PKCS5Padding,RSA/ECB/PKCS1Padding,Covered
PUT,/IBSDP/v2/accounts/{AcctNbr}/desa-sub-accounts/{Mode},AcctNbr,NA,Y,AES/CBC/PKCS5Padding,RSA/ECB/PKCS1Padding,Covered
PUT,/IBSRE/v2/plans/{PlnNbr}/distributions-order,NA,NA,Y,AES/CBC/PKCS5Padding,RSA/ECB/PKCS1Padding,Covered
GET,/IBSCI/v2/relationship-codes,NA,NA,Y,AES/CBC/PKCS5Padding,RSA/ECB/PKCS1Padding,Covered
GET,/IBSCI/v2/application-codes,NA,NA,Y,AES/CBC/PKCS5Padding,RSA/ECB/PKCS1Padding,Covered
GET,/IBSDP/v2/accounts/{AcctNbr}/bai-destinations,AcctNbr,NA,Y,AES/CBC/PKCS5Padding,RSA/ECB/PKCS1Padding,Covered
GET,/IBSDP/v2/accounts/{AcctNbr}/past-cycle-data,AcctNbr,NA,Y,AES/CBC/PKCS5Padding,RSA/ECB/PKCS1Padding,Covered
GET,/IBSDP/v2/accounts/{DPAcctNbr}/past-year-data,DPAcctNbr,NA,Y,AES/CBC/PKCS5Padding,RSA/ECB/PKCS1Padding,Covered
GET,/IBSDP/v2/accounts/{DPAcctNbr}/pra-transactions,DPAcctNbr,NA,Y,AES/CBC/PKCS5Padding,RSA/ECB/PKCS1Padding,Covered
PUT,/IBSCI/v2/rvm-unenrollments/{EnrlmtId},EnrlmtId,NA,Y,AES/CBC/PKCS5Padding,RSA/ECB/PKCS1Padding,Covered
DELETE,/IBSCI/v2/customers/{CIApplNbr},CIApplNbr,NA,Y,AES/CBC/PKCS5Padding,RSA/ECB/PKCS1Padding,Covered
PUT,/IBSCI/v2/households/{HHNbr},HHNbr,NA,Y,AES/CBC/PKCS5Padding,RSA/ECB/PKCS1Padding,Covered
POST,/IBSSB/v2/branches/{Brnch}/boxes,NA,NA,Y,AES/CBC/PKCS5Padding,RSA/ECB/PKCS1Padding,Covered
PUT,/IBSSB/v2/branches/{Brnch}/boxes/{BoxPrfx}/{BoxNbr},NA,NA,Y,AES/CBC/PKCS5Padding,RSA/ECB/PKCS1Padding,Covered
DELETE,/IBSSB/v2/branches/{Brnch}/boxes/{BoxPrfx}/{BoxNbr},NA,NA,Y,AES/CBC/PKCS5Padding,RSA/ECB/PKCS1Padding,Covered
POST,/IBSSB/v2/branches/{Brnch}/boxes/{BoxPrfx}/{BoxNbr}/owners,NA,NA,Y,AES/CBC/PKCS5Padding,RSA/ECB/PKCS1Padding,Covered
GET,/IBSSB/v2/branches/{Brnch}/boxes/{BoxPrfx}/{BoxNbr}/owners,NA,NA,Y,AES/CBC/PKCS5Padding,RSA/ECB/PKCS1Padding,Covered
PUT,/IBSSB/v2/branches/{Brnch}/boxes/{BoxPrfx}/{BoxNbr}/owners,NA,NA,Y,AES/CBC/PKCS5Padding,RSA/ECB/PKCS1Padding,Covered
DELETE,/IBSSB/v2/branches/{Brnch}/boxes/{BoxPrfx}/{BoxNbr}/owners,NA,NA,Y,AES/CBC/PKCS5Padding,RSA/ECB/PKCS1Padding,Covered
GET,/IBSSB/v2/branches/{Brnch}/boxes/{BoxPrfx}/{BoxNbr}/deputies,NA,NA,Y,AES/CBC/PKCS5Padding,RSA/ECB/PKCS1Padding,Covered
POST,/IBSSB/v2/branches/{Brnch}/boxes/{BoxPrfx}/{BoxNbr}/deputies,NA,NA,Y,AES/CBC/PKCS5Padding,RSA/ECB/PKCS1Padding,Covered
PUT,/IBSSB/v2/branches/{Brnch}/boxes/{BoxPrfx}/{BoxNbr}/deputies,NA,NA,Y,AES/CBC/PKCS5Padding,RSA/ECB/PKCS1Padding,Covered
POST,/IBSSB/v2/branches/{Brnch}/boxes/{BoxPrfx}/{BoxNbr}/dollar-transactions,NA,NA,Y,AES/CBC/PKCS5Padding,RSA/ECB/PKCS1Padding,Covered
POST,/IBSLN/v2/account-numbers,NA,NA,Y,AES/CBC/PKCS5Padding,RSA/ECB/PKCS1Padding,Covered
POST,/IBSLN/v2/accounts/{LNAcctNbr}/notes/{LNNoteNbr}/flood-tracking,LNAcctNbr,NA,Y,AES/CBC/PKCS5Padding,RSA/ECB/PKCS1Padding,Covered
PUT,/IBSLN/v2/accounts/{LNAcctNbr}/notes/{LNNoteNbr}/flood-tracking/{PrptyNbr}/{FloodRec},LNAcctNbr,NA,Y,AES/CBC/PKCS5Padding,RSA/ECB/PKCS1Padding,Covered
DELETE,/IBSLN/v2/accounts/{LNAcctNbr}/notes/{LNNoteNbr}/flood-tracking/{PrptyNbr}/{FloodRec},LNAcctNbr,NA,Y,AES/CBC/PKCS5Padding,RSA/ECB/PKCS1Padding,Covered
GET,/IBSLN/v2/accounts/{LNAcctNbr}/notes/{LNNoteNbr}/flood-tracking/{PrptyNbr}/{FloodRec},LNAcctNbr,NA,Y,AES/CBC/PKCS5Padding,RSA/ECB/PKCS1Padding,Covered
PUT,/IBSLN/v2/accounts/{AcctNbr}/keywords,AcctNbr,NA,Y,AES/CBC/PKCS5Padding,RSA/ECB/PKCS1Padding,Covered
POST,/IBSLN/v2/accounts/{LNAcctNbr}/manual-fees,LNAcctNbr,NA,Y,AES/CBC/PKCS5Padding,RSA/ECB/PKCS1Padding,Covered
POST,/IBSLN/v2/accounts/{LNAcctNbr}/notes/{LNRltNote}/manual-fees,LNAcctNbr,NA,Y,AES/CBC/PKCS5Padding,RSA/ECB/PKCS1Padding,Covered
POST,/IBSLN/v2/accounts/{LNAcctNbr}/commitments/{LNRltCmmt}/manual-fees,LNAcctNbr,NA,Y,AES/CBC/PKCS5Padding,RSA/ECB/PKCS1Padding,Covered
POST,/IBSLN/v2/accounts,NA,NA,Y,AES/CBC/PKCS5Padding,RSA/ECB/PKCS1Padding,Covered
GET,/IBSCI/v2/customers/{CICustNbr}/dynamic-profile,CICustNbr,VRUAcctNbr,Y,AES/CBC/PKCS5Padding,RSA/ECB/PKCS1Padding,Covered
GET,/IBSCI/v2/customers/dynamic-profile/fields,NA,NA,Y,AES/CBC/PKCS5Padding,RSA/ECB/PKCS1Padding,Covered
POST,/IBSCI/v2/customers/dynamic-profile/signature,NA,NA,Y,AES/CBC/PKCS5Padding,RSA/ECB/PKCS1Padding,Covered
POST,/IBSLN/v2/accounts/{AcctNbr}/addresses/{LNNmeAndAddrInd},AcctNbr,NA,Y,AES/CBC/PKCS5Padding,RSA/ECB/PKCS1Padding,Covered
PUT,/IBSLN/v2/accounts/{AcctNbr}/addresses/{LNNmeAndAddrInd},AcctNbr,NA,Y,AES/CBC/PKCS5Padding,RSA/ECB/PKCS1Padding,Covered
DELETE,/IBSLN/v2/accounts/{AcctNbr}/addresses/{LNNmeAndAddrInd},AcctNbr,NA,Y,AES/CBC/PKCS5Padding,RSA/ECB/PKCS1Padding,Covered
GET,/IBSLN/v2/accounts/{AcctNbr}/commitments,AcctNbr,NA,Y,AES/CBC/PKCS5Padding,RSA/ECB/PKCS1Padding,Covered
POST,/IBSLN/v2/accounts/{AcctNbr}/commitments,AcctNbr,NA,Y,AES/CBC/PKCS5Padding,RSA/ECB/PKCS1Padding,Covered
GET,/IBSLN/v2/accounts/{AcctNbr}/notes/{NoteNbr}/balances,AcctNbr,NA,Y,AES/CBC/PKCS5Padding,RSA/ECB/PKCS1Padding,Covered
GET,/IBSLN/v2/accounts/{AcctNbr}/notes-list,AcctNbr,NA,Y,AES/CBC/PKCS5Padding,RSA/ECB/PKCS1Padding,Covered
GET,/IBSLN/v2/accounts/{AcctNbr}/notes/{NoteNbr}/fees-list,AcctNbr,NA,Y,AES/CBC/PKCS5Padding,RSA/ECB/PKCS1Padding,Covered
GET,/IBSLN/v2/accounts/{AcctNbr}/notes/{NoteNbr}/fees/{PlnNbr}/{FeeNbr},AcctNbr,NA,Y,AES/CBC/PKCS5Padding,RSA/ECB/PKCS1Padding,Covered
GET,/IBSLN/v2/accounts/{AcctNbr}/notes/{NoteNbr}/bills,AcctNbr,NA,Y,AES/CBC/PKCS5Padding,RSA/ECB/PKCS1Padding,Covered
POST,/IBSLN/v2/accounts/{AcctNbr}/memos,AcctNbr,NA,Y,AES/CBC/PKCS5Padding,RSA/ECB/PKCS1Padding,Covered
PUT,/IBSLN/v2/accounts/{AcctNbr}/memos/{MemoNbr},AcctNbr,NA,Y,AES/CBC/PKCS5Padding,RSA/ECB/PKCS1Padding,Covered
DELETE,/IBSLN/v2/accounts/{AcctNbr}/memos/{MemoNbr},AcctNbr,NA,Y,AES/CBC/PKCS5Padding,RSA/ECB/PKCS1Padding,Covered
POST,/IBSLN/v2/accounts/{AcctNbr}/notes/{NoteNbr}/memos,AcctNbr,NA,Y,AES/CBC/PKCS5Padding,RSA/ECB/PKCS1Padding,Covered
PUT,/IBSLN/v2/accounts/{AcctNbr}/notes/{NoteNbr}/memos/{MemoNbr},AcctNbr,NA,Y,AES/CBC/PKCS5Padding,RSA/ECB/PKCS1Padding,Covered
DELETE,/IBSLN/v2/accounts/{AcctNbr}/notes/{NoteNbr}/memos/{MemoNbr},AcctNbr,NA,Y,AES/CBC/PKCS5Padding,RSA/ECB/PKCS1Padding,Covered
GET,/IBSLN/v2/accounts/{AcctNbr}/memos-list,AcctNbr,NA,Y,AES/CBC/PKCS5Padding,RSA/ECB/PKCS1Padding,Covered
GET,/IBSLN/v2/accounts/{AcctNbr}/notes/{NoteNbr}/memos-list,AcctNbr,NA,Y,AES/CBC/PKCS5Padding,RSA/ECB/PKCS1Padding,Covered
POST,/IBSLN/v2/accounts/{AcctNbr}/notes/{NoteNbr}/multiple-collateral,AcctNbr,NA,Y,AES/CBC/PKCS5Padding,RSA/ECB/PKCS1Padding,Covered
PUT,/IBSLN/v2/accounts/{AcctNbr}/notes/{NoteNbr}/multiple-collateral,AcctNbr,NA,Y,AES/CBC/PKCS5Padding,RSA/ECB/PKCS1Padding,Covered
GET,/IBSLN/v2/accounts/{AcctNbr}/pins/{CurPin},AcctNbr|CurPin,NA,Y,AES/CBC/PKCS5Padding,RSA/ECB/PKCS1Padding,Covered
POST,/IBSLN/v2/accounts/{AcctNbr}/notes,AcctNbr,NA,Y,AES/CBC/PKCS5Padding,RSA/ECB/PKCS1Padding,Covered
GET,/IBSBC/v2/branches,NA,NA,Y,AES/CBC/PKCS5Padding,RSA/ECB/PKCS1Padding,Altered URI Path
GET,/IBSBC/v2/officers-list,NA,NA,Y,AES/CBC/PKCS5Padding,RSA/ECB/PKCS1Padding,Covered
GET,/IBSLN/v2/accounts/{AcctNbr}/indirect-liabilities,AcctNbr,NA,Y,AES/CBC/PKCS5Padding,RSA/ECB/PKCS1Padding,Covered
GET,/IBSLN/v2/accounts/{AcctNbr}/balances,AcctNbr,NA,Y,AES/CBC/PKCS5Padding,RSA/ECB/PKCS1Padding,Covered
GET,/IBSLN/v2/accounts/{AcctNbr}/payoffs,AcctNbr,NA,Y,AES/CBC/PKCS5Padding,RSA/ECB/PKCS1Padding,Covered
POST,/IBSLN/v2/accounts/{AcctNbr}/automated-fees,AcctNbr,NA,Y,AES/CBC/PKCS5Padding,RSA/ECB/PKCS1Padding,Covered
POST,/IBSLN/v2/accounts/{AcctNbr}/notes/{NoteNbr}/escrows/{LNEscSegNbr},AcctNbr,NA,Y,AES/CBC/PKCS5Padding,RSA/ECB/PKCS1Padding,Covered
PUT,/IBSLN/v2/accounts/{AcctNbr}/notes/{NoteNbr}/escrows/{LNEscSegNbr},AcctNbr,NA,Y,AES/CBC/PKCS5Padding,RSA/ECB/PKCS1Padding,Covered
GET,/IBSLN/v2/accounts/{AcctNbr}/notes/{NoteNbr}/escrows/{LNEscSegNbr},AcctNbr,NA,Y,AES/CBC/PKCS5Padding,RSA/ECB/PKCS1Padding,Covered
POST,/IBSLN/v2/accounts/{AcctNbr}/commitments/{LNCmmtNbr}/usages,AcctNbr,NA,Y,AES/CBC/PKCS5Padding,RSA/ECB/PKCS1Padding,Covered
PUT,/IBSLN/v2/accounts/{AcctNbr}/commitments/{LNCmmtNbr}/usages/{RltCmmtUsgAcctNbr}/{UsgTyp}/{UsgNbr},AcctNbr|RltCmmtUsgAcctNbr,NA,Y,AES/CBC/PKCS5Padding,RSA/ECB/PKCS1Padding,Covered
DELETE,/IBSLN/v2/accounts/{AcctNbr}/commitments/{LNCmmtNbr}/usages/{RltCmmtUsgAcctNbr}/{UsgTyp}/{UsgNbr},AcctNbr|RltCmmtUsgAcctNbr,NA,Y,AES/CBC/PKCS5Padding,RSA/ECB/PKCS1Padding,Covered
POST,/IBSLN/v2/accounts/{AcctNbr}/notes/{NoteNbr}/increase,AcctNbr,NA,Y,AES/CBC/PKCS5Padding,RSA/ECB/PKCS1Padding,Covered
POST,/IBSLN/v2/accounts/{AcctNbr}/notes/{NoteNbr}/payment-schedules,AcctNbr,NA,Y,AES/CBC/PKCS5Padding,RSA/ECB/PKCS1Padding,Covered
PUT,/IBSLN/v2/accounts/{AcctNbr}/notes/{NoteNbr}/payment-schedules/{LNPmtSchedTyp}/{LNEffDte}/{LNPmtTyp},AcctNbr,NA,Y,AES/CBC/PKCS5Padding,RSA/ECB/PKCS1Padding,Covered
DELETE,/IBSLN/v2/accounts/{AcctNbr}/notes/{NoteNbr}/payment-schedules/{LNPmtSchedTyp}/{LNEffDte}/{LNPmtTyp},AcctNbr,NA,Y,AES/CBC/PKCS5Padding,RSA/ECB/PKCS1Padding,Covered
GET,/IBSLN/v2/accounts/{AcctNbr}/notes/{NoteNbr}/payment-schedules/{LNPmtSchedTyp}/{LNEffDte}/{LNPmtTyp},AcctNbr,NA,Y,AES/CBC/PKCS5Padding,RSA/ECB/PKCS1Padding,Covered
POST,/IBSLN/v2/accounts/{AcctNbr}/fees/{Fee}/payments,AcctNbr,NA,Y,AES/CBC/PKCS5Padding,RSA/ECB/PKCS1Padding,Covered
POST,/IBSLN/v2/accounts/{AcctNbr}/notes/{NoteNbr}/fees/{Fee}/payments,AcctNbr,NA,Y,AES/CBC/PKCS5Padding,RSA/ECB/PKCS1Padding,Covered
PUT,/IBSLN/v2/accounts/{AcctNbr}/commitments/{CmmtNbr},AcctNbr,NA,Y,AES/CBC/PKCS5Padding,RSA/ECB/PKCS1Padding,Covered
DELETE,/IBSLN/v2/accounts/{AcctNbr}/commitments/{CmmtNbr},AcctNbr,NA,Y,AES/CBC/PKCS5Padding,RSA/ECB/PKCS1Padding,Covered
GET,/IBSLN/v2/accounts/{AcctNbr}/payment-info,AcctNbr,NA,Y,AES/CBC/PKCS5Padding,RSA/ECB/PKCS1Padding,Covered
POST,/IBSLN/v2/pending-note-transactions,NA,NA,Y,AES/CBC/PKCS5Padding,RSA/ECB/PKCS1Padding,Covered
POST,/IBSLN/v2/accounts/{AcctNbr}/notes/{NoteNbr}/participations,AcctNbr,NA,Y,AES/CBC/PKCS5Padding,RSA/ECB/PKCS1Padding,Covered
POST,/IBSLN/v2/accounts/{AcctNbr}/fee-waivers,AcctNbr,NA,Y,AES/CBC/PKCS5Padding,RSA/ECB/PKCS1Padding,Covered
POST,/IBSLN/v2/accounts/{AcctNbr}/notes/{NoteNbr}/fee-waivers,AcctNbr,NA,Y,AES/CBC/PKCS5Padding,RSA/ECB/PKCS1Padding,Covered
POST,/IBSLN/v2/accounts/{AcctNbr}/indirect-liabilities,AcctNbr,NA,Y,AES/CBC/PKCS5Padding,RSA/ECB/PKCS1Padding,Covered
GET,/IBSLN/v2/accounts/{AcctNbr}/notes/{NoteNbr}/cost-of-funds,AcctNbr,NA,Y,AES/CBC/PKCS5Padding,RSA/ECB/PKCS1Padding,Covered
POST,/IBSLN/v2/accounts/{AcctNbr}/notes/{NoteNbr}/cost-of-funds,AcctNbr,NA,Y,AES/CBC/PKCS5Padding,RSA/ECB/PKCS1Padding,Covered
PUT,/IBSLN/v2/accounts/{AcctNbr}/notes/{NoteNbr}/cost-of-funds,AcctNbr,NA,Y,AES/CBC/PKCS5Padding,RSA/ECB/PKCS1Padding,Covered
POST,/IBSLN/v2/accounts/{AcctNbr}/notes/{NoteNbr}/renewals,AcctNbr,NA,Y,AES/CBC/PKCS5Padding,RSA/ECB/PKCS1Padding,Covered
POST,/IBSLN/v2/accounts/{AcctNbr}/notes/{NoteNbr}/hmda,AcctNbr,NA,Y,AES/CBC/PKCS5Padding,RSA/ECB/PKCS1Padding,Covered
PUT,/IBSLN/v2/accounts/{AcctNbr}/notes/{NoteNbr}/hmda,AcctNbr,NA,Y,AES/CBC/PKCS5Padding,RSA/ECB/PKCS1Padding,Covered
DELETE,/IBSLN/v2/accounts/{AcctNbr}/notes/{NoteNbr}/hmda,AcctNbr,NA,Y,AES/CBC/PKCS5Padding,RSA/ECB/PKCS1Padding,Covered
PUT,/IBSFM/v2/external-transfers/{SndAppCde}/{SndAcctNum}/{SndSeqNum}/{LstUpdtTmsp},SndAcctNum,NA,Y,AES/CBC/PKCS5Padding,RSA/ECB/PKCS1Padding,Covered
DELETE,/IBSFM/v2/external-transfers/{SndAppCde}/{SndAcctNum}/{SndSeqNum}/{LstUpdtTmsp},SndAcctNum,NA,Y,AES/CBC/PKCS5Padding,RSA/ECB/PKCS1Padding,Covered
GET,/IBSFM/v2/external-transfers/{InqAppCde}/{InqAcctNum}/{InqSeqNum},InqAcctNum,InqSubAcct|SndAcctNum|SndSubAcct|RecAcctNum|RecSubAcct|CustNum,Y,AES/CBC/PKCS5Padding,RSA/ECB/PKCS1Padding,Covered
GET,/IBSDP/v2/closing-balance-transactions/{DPAcctNbr}/{DPTDWthdrwlTyp},DPAcctNbr,NA,Y,AES/CBC/PKCS5Padding,RSA/ECB/PKCS1Padding,Covered
GET,/IBSDP/v2/accounts/{AcctNbr}/desa-sub-accounts,AcctNbr,NA,Y,AES/CBC/PKCS5Padding,RSA/ECB/PKCS1Padding,Covered
GET,/IBSRE/v2/plans/{PlnNbr}/distributions-order,NA,DPAcctNbr|DPId,Y,AES/CBC/PKCS5Padding,RSA/ECB/PKCS1Padding,Covered
GET,/IBSSB/v2/branches/{Brnch}/boxes/{BoxPrfx}/{BoxNbr},NA,NA,Y,AES/CBC/PKCS5Padding,RSA/ECB/PKCS1Padding,Covered
GET,/IBSSB/v2/branches/{Brnch}/boxes/{BoxPrfx}/{BoxNbr}/owner-defaults,NA,ShrtNme|TaxNbr,Y,AES/CBC/PKCS5Padding,RSA/ECB/PKCS1Padding,Covered
GET,/IBSLN/v2/accounts/{AcctNbr}/memos/{MemoNbr},AcctNbr,NA,Y,AES/CBC/PKCS5Padding,RSA/ECB/PKCS1Padding,Covered
GET,/IBSLN/v2/accounts/{AcctNbr}/notes/{NoteNbr}/memos/{MemoNbr},AcctNbr,NA,Y,AES/CBC/PKCS5Padding,RSA/ECB/PKCS1Padding,Covered
GET,/IBSLN/v2/accounts/{AcctNbr}/notes/{NoteNbr}/multiple-collateral,AcctNbr,NA,Y,AES/CBC/PKCS5Padding,RSA/ECB/PKCS1Padding,Covered
POST,/IBSLN/v2/accounts/{AcctNbr}/reversals-immediate,AcctNbr,NA,Y,AES/CBC/PKCS5Padding,RSA/ECB/PKCS1Padding,Covered
POST,/IBSLN/v2/accounts/{AcctNbr}/notes/{NoteNbr}/reversals-immediate,AcctNbr,NA,Y,AES/CBC/PKCS5Padding,RSA/ECB/PKCS1Padding,Covered
POST,/IBSLN/v2/accounts/{AcctNbr}/notes/{NoteNbr}/parts/{PartNbr}/{PartSeq}/reversals-immediate,AcctNbr,NA,Y,AES/CBC/PKCS5Padding,RSA/ECB/PKCS1Padding,Covered
POST,/IBSLN/v2/accounts/{AcctNbr}/reversals-pending,AcctNbr,NA,Y,AES/CBC/PKCS5Padding,RSA/ECB/PKCS1Padding,Covered
GET,/IBSLN/v2/accounts/{AcctNbr}/reversals-pending,AcctNbr,NA,Y,AES/CBC/PKCS5Padding,RSA/ECB/PKCS1Padding,Covered
PUT,/IBSLN/v2/accounts/{AcctNbr}/reversals-pending,AcctNbr,NA,Y,AES/CBC/PKCS5Padding,RSA/ECB/PKCS1Padding,Covered
POST,/IBSLN/v2/accounts/{AcctNbr}/notes/{NoteNbr}/reversals-pending,AcctNbr,NA,Y,AES/CBC/PKCS5Padding,RSA/ECB/PKCS1Padding,Covered
GET,/IBSLN/v2/accounts/{AcctNbr}/notes/{NoteNbr}/reversals-pending,AcctNbr,NA,Y,AES/CBC/PKCS5Padding,RSA/ECB/PKCS1Padding,Covered
PUT,/IBSLN/v2/accounts/{AcctNbr}/notes/{NoteNbr}/reversals-pending,AcctNbr,NA,Y,AES/CBC/PKCS5Padding,RSA/ECB/PKCS1Padding,Covered
POST,/IBSLN/v2/accounts/{AcctNbr}/rate-changes-pending/{RelDte}/{SeqNbr},AcctNbr,NA,Y,AES/CBC/PKCS5Padding,RSA/ECB/PKCS1Padding,Covered
PUT,/IBSLN/v2/accounts/{AcctNbr}/rate-changes-pending/{RelDte}/{SeqNbr},AcctNbr,NA,Y,AES/CBC/PKCS5Padding,RSA/ECB/PKCS1Padding,Covered
GET,/IBSLN/v2/accounts/{AcctNbr}/rate-changes-pending/{RelDte}/{SeqNbr},AcctNbr,NA,Y,AES/CBC/PKCS5Padding,RSA/ECB/PKCS1Padding,Covered
POST,/IBSLN/v2/accounts/{AcctNbr}/notes/{NoteNbr}/rate-changes-pending/{RelDte}/{SeqNbr},AcctNbr,NA,Y,AES/CBC/PKCS5Padding,RSA/ECB/PKCS1Padding,Covered
PUT,/IBSLN/v2/accounts/{AcctNbr}/notes/{NoteNbr}/rate-changes-pending/{RelDte}/{SeqNbr},AcctNbr,NA,Y,AES/CBC/PKCS5Padding,RSA/ECB/PKCS1Padding,Covered
DELETE,/IBSLN/v2/accounts/{AcctNbr}/notes/{NoteNbr}/rate-changes-pending/{RelDte}/{SeqNbr},AcctNbr,NA,Y,AES/CBC/PKCS5Padding,RSA/ECB/PKCS1Padding,Covered
GET,/IBSLN/v2/accounts/{AcctNbr}/notes/{NoteNbr}/rate-changes-pending/{RelDte}/{SeqNbr},AcctNbr,NA,Y,AES/CBC/PKCS5Padding,RSA/ECB/PKCS1Padding,Covered
POST,/IBSLN/v2/accounts/{AcctNbr}/notes/{NoteNbr}/parts/{PartNbr}/{PartSeq}/rate-changes-pending/{RelDte}/{SeqNbr},AcctNbr,NA,Y,AES/CBC/PKCS5Padding,RSA/ECB/PKCS1Padding,Altered URI Path
PUT,/IBSLN/v2/accounts/{AcctNbr}/notes/{NoteNbr}/parts/{PartNbr}/{PartSeq}/rate-changes-pending/{RelDte}/{SeqNbr},AcctNbr,NA,Y,AES/CBC/PKCS5Padding,RSA/ECB/PKCS1Padding,Altered URI Path
DELETE,/IBSLN/v2/accounts/{AcctNbr}/notes/{NoteNbr}/parts/{PartNbr}/{PartSeq}/rate-changes-pending/{RelDte}/{SeqNbr},AcctNbr,NA,Y,AES/CBC/PKCS5Padding,RSA/ECB/PKCS1Padding,Altered URI Path
GET,/IBSLN/v2/accounts/{AcctNbr}/notes/{NoteNbr}/parts/{PartNbr}/{PartSeq}/rate-changes-pending/{RelDte}/{SeqNbr},AcctNbr,NA,Y,AES/CBC/PKCS5Padding,RSA/ECB/PKCS1Padding,Altered URI Path
POST,/IBSLN/v2/accounts/{AcctNbr}/floor-plan-range/{SelKwd}/{KwdLow}/{KwdHi}/rate-changes-pending,AcctNbr,NA,Y,AES/CBC/PKCS5Padding,RSA/ECB/PKCS1Padding,Covered
PUT,/IBSLN/v2/accounts/{AcctNbr}/floor-plan-range/{SelKwd}/{KwdLow}/{KwdHi}/rate-changes-pending/{RelDte}/{SeqNbr},AcctNbr,NA,Y,AES/CBC/PKCS5Padding,RSA/ECB/PKCS1Padding,Covered
GET,/IBSLN/v2/accounts/{AcctNbr}/floor-plan-range/{SelKwd}/{KwdLow}/{KwdHi}/rate-changes-pending/{RelDte}/{SeqNbr},AcctNbr,NA,Y,AES/CBC/PKCS5Padding,RSA/ECB/PKCS1Padding,Covered
POST,/IBSLN/v2/accounts/{AcctNbr}/rate-changes-immediate,AcctNbr,NA,Y,AES/CBC/PKCS5Padding,RSA/ECB/PKCS1Padding,Covered
POST,/IBSLN/v2/accounts/{AcctNbr}/notes/{NoteNbr}/rate-changes-immediate,AcctNbr,NA,Y,AES/CBC/PKCS5Padding,RSA/ECB/PKCS1Padding,Covered
POST,/IBSLN/v2/accounts/{AcctNbr}/notes/{NoteNbr}/parts/{PartNbr}/{PartSeq}/rate-changes-immediate,AcctNbr,NA,Y,AES/CBC/PKCS5Padding,RSA/ECB/PKCS1Padding,Altered URI Path
GET,/IBSLN/v2/accounts/{AcctNbr}/notes/{NoteNbr}/payments-nonaccrual,AcctNbr,NA,Y,AES/CBC/PKCS5Padding,RSA/ECB/PKCS1Padding,Covered
POST,/IBSLN/v2/accounts/{AcctNbr}/notes/{NoteNbr}/payments-nonaccrual,AcctNbr,NA,Y,AES/CBC/PKCS5Padding,RSA/ECB/PKCS1Padding,Covered
POST,/IBSLN/v2/accounts/{AcctNbr}/notes/{NoteNbr}/user-defined-fields,AcctNbr,NA,Y,AES/CBC/PKCS5Padding,RSA/ECB/PKCS1Padding,Covered
PUT,/IBSLN/v2/accounts/{AcctNbr}/notes/{NoteNbr}/user-defined-fields,AcctNbr,NA,Y,AES/CBC/PKCS5Padding,RSA/ECB/PKCS1Padding,Covered
DELETE,/IBSLN/v2/accounts/{AcctNbr}/notes/{NoteNbr}/user-defined-fields,AcctNbr,NA,Y,AES/CBC/PKCS5Padding,RSA/ECB/PKCS1Padding,Covered
GET,/IBSLN/v2/accounts/{AcctNbr}/notes/{NoteNbr}/user-defined-fields,AcctNbr,NA,Y,AES/CBC/PKCS5Padding,RSA/ECB/PKCS1Padding,Covered
POST,/IBSLN/v2/accounts/{AcctNbr}/commitments/{LNCommtNbr}/user-defined-fields,AcctNbr,NA,Y,AES/CBC/PKCS5Padding,RSA/ECB/PKCS1Padding,Covered
PUT,/IBSLN/v2/accounts/{AcctNbr}/commitments/{LNCommtNbr}/user-defined-fields,AcctNbr,NA,Y,AES/CBC/PKCS5Padding,RSA/ECB/PKCS1Padding,Covered
DELETE,/IBSLN/v2/accounts/{AcctNbr}/commitments/{LNCommtNbr}/user-defined-fields,AcctNbr,NA,Y,AES/CBC/PKCS5Padding,RSA/ECB/PKCS1Padding,Covered
GET,/IBSLN/v2/accounts/{AcctNbr}/commitments/{LNCommtNbr}/user-defined-fields,AcctNbr,NA,Y,AES/CBC/PKCS5Padding,RSA/ECB/PKCS1Padding,Covered
POST,/IBSLN/v2/accounts/{AcctNbr}/notes/{NoteNbr}/payments-chargeoff,AcctNbr,NA,Y,AES/CBC/PKCS5Padding,RSA/ECB/PKCS1Padding,Covered
GET,/IBSSZ/v2/ping,NA,NA,Y,AES/CBC/PKCS5Padding,RSA/ECB/PKCS1Padding,Covered
POST,/IBSDP/v2/simple-dollar-transactions,NA,NA,Y,AES/CBC/PKCS5Padding,RSA/ECB/PKCS1Padding,Covered
GET,/IBSLN/v2/accounts/{AcctNbr}/notes/{NoteNbr}/cost-of-funds/rates,AcctNbr,NA,Y,AES/CBC/PKCS5Padding,RSA/ECB/PKCS1Padding,Covered
PUT,/IBSLN/v2/accounts/{AcctNbr}/notes/{NoteNbr}/cost-of-funds/rates,AcctNbr,NA,Y,AES/CBC/PKCS5Padding,RSA/ECB/PKCS1Padding,Covered
GET,/IBSLN/v2/accounts/{AcctNbr}/notes/{NoteNbr}/payment-schedules-list,AcctNbr,NA,Y,AES/CBC/PKCS5Padding,RSA/ECB/PKCS1Padding,Covered
POST,/IBSLN/v2/accounts/{AcctNbr}/notes/{NoteNbr}/bills/{LNBillDte},AcctNbr,NA,Y,AES/CBC/PKCS5Padding,RSA/ECB/PKCS1Padding,Covered
PUT,/IBSLN/v2/accounts/{AcctNbr}/notes/{NoteNbr}/bills/{LNBillDte},AcctNbr,NA,Y,AES/CBC/PKCS5Padding,RSA/ECB/PKCS1Padding,Covered
DELETE,/IBSLN/v2/accounts/{AcctNbr}/notes/{NoteNbr}/bills/{LNBillDte},AcctNbr,NA,Y,AES/CBC/PKCS5Padding,RSA/ECB/PKCS1Padding,Covered
GET,/IBSLN/v2/accounts/{AcctNbr}/notes/{NoteNbr}/reserves-list,AcctNbr,NA,Y,AES/CBC/PKCS5Padding,RSA/ECB/PKCS1Padding,Covered
POST,/IBSLN/v2/accounts/{AcctNbr}/notes/{NoteNbr}/reserves/{RsrvNbr},AcctNbr,NA,Y,AES/CBC/PKCS5Padding,RSA/ECB/PKCS1Padding,Covered
PUT,/IBSLN/v2/accounts/{AcctNbr}/notes/{NoteNbr}/reserves/{RsrvNbr},AcctNbr,NA,Y,AES/CBC/PKCS5Padding,RSA/ECB/PKCS1Padding,Covered
GET,/IBSLN/v2/accounts/{AcctNbr}/notes/{NoteNbr}/reserves/{RsrvNbr},AcctNbr,NA,Y,AES/CBC/PKCS5Padding,RSA/ECB/PKCS1Padding,Covered
POST,/IBSLN/v2/companies/{CoNbr}/{Category}/reserve-transactions,CoNbr,NA,Y,AES/CBC/PKCS5Padding,RSA/ECB/PKCS1Padding,Covered
GET,/IBSLN/v2/accounts/{AcctNbr}/notes/{NoteNbr}/nonaccruals,AcctNbr,NA,Y,AES/CBC/PKCS5Padding,RSA/ECB/PKCS1Padding,Covered
POST,/IBSLN/v2/accounts/{AcctNbr}/notes/{NoteNbr}/nonaccruals,AcctNbr,NA,Y,AES/CBC/PKCS5Padding,RSA/ECB/PKCS1Padding,Covered
GET,/IBSLN/v2/accounts/{AcctNbr}/notes/{NoteNbr}/chargeoffs,AcctNbr,NA,Y,AES/CBC/PKCS5Padding,RSA/ECB/PKCS1Padding,Covered
POST,/IBSLN/v2/accounts/{AcctNbr}/notes/{NoteNbr}/chargeoffs,AcctNbr,NA,Y,AES/CBC/PKCS5Padding,RSA/ECB/PKCS1Padding,Covered
GET,/IBSLN/v2/accounts/{AcctNbr}/fees-list,AcctNbr,NA,Y,AES/CBC/PKCS5Padding,RSA/ECB/PKCS1Padding,Covered
GET,/IBSLN/v2/accounts/{AcctNbr}/notes/{NoteNbr}/coupon-orders,AcctNbr,NA,Y,AES/CBC/PKCS5Padding,RSA/ECB/PKCS1Padding,Covered
POST,/IBSLN/v2/accounts/{AcctNbr}/notes/{NoteNbr}/coupon-orders,AcctNbr,NA,Y,AES/CBC/PKCS5Padding,RSA/ECB/PKCS1Padding,Covered
PUT,/IBSLN/v2/accounts/{AcctNbr}/notes/{NoteNbr}/coupon-orders,AcctNbr,NA,Y,AES/CBC/PKCS5Padding,RSA/ECB/PKCS1Padding,Covered
DELETE,/IBSLN/v2/accounts/{AcctNbr}/notes/{NoteNbr}/coupon-orders,AcctNbr,NA,Y,AES/CBC/PKCS5Padding,RSA/ECB/PKCS1Padding,Covered
POST,/IBSLN/v2/accounts/{AcctNbr}/notes/{NoteNbr}/participations/{PartNbr}/{PartSeq}/increases,AcctNbr,NA,Y,AES/CBC/PKCS5Padding,RSA/ECB/PKCS1Padding,Covered
POST,/IBSLN/v2/accounts/{AcctNbr}/payments,AcctNbr,NA,Y,AES/CBC/PKCS5Padding,RSA/ECB/PKCS1Padding,Covered
PUT,/IBSLN/v2/accounts/{AcctNbr}/payments,AcctNbr,NA,Y,AES/CBC/PKCS5Padding,RSA/ECB/PKCS1Padding,Covered
DELETE,/IBSLN/v2/accounts/{AcctNbr}/payments/{LNDueDte}/{LNBillSeq},AcctNbr,NA,Y,AES/CBC/PKCS5Padding,RSA/ECB/PKCS1Padding,Covered
GET,/IBSLN/v2/accounts/{AcctNbr}/payments,AcctNbr,NA,Y,AES/CBC/PKCS5Padding,RSA/ECB/PKCS1Padding,Covered
POST,/IBSLN/v2/accounts/{AcctNbr}/notes/{NoteNbr}/extensions,AcctNbr,NA,Y,AES/CBC/PKCS5Padding,RSA/ECB/PKCS1Padding,Covered
PUT,/IBSLN/v2/accounts/{AcctNbr}/pins,AcctNbr,NA,Y,AES/CBC/PKCS5Padding,RSA/ECB/PKCS1Padding,Covered
GET,/IBSLN/v2/accounts/{AcctNbr}/notes/{NoteNbr}/bill-dates,AcctNbr,NA,Y,AES/CBC/PKCS5Padding,RSA/ECB/PKCS1Padding,Covered
PUT,/IBSLN/v2/accounts/{AcctNbr}/notes/{NoteNbr}/bill-dates,AcctNbr,NA,Y,AES/CBC/PKCS5Padding,RSA/ECB/PKCS1Padding,Covered
GET,/IBSLN/v2/accounts/{AcctNbr}/commitments/{LNCmmtNbr}/commitment-participations,AcctNbr,NA,Y,AES/CBC/PKCS5Padding,RSA/ECB/PKCS1Padding,Covered
POST,/IBSTE/v2/deposit-dollar-transactions,NA,NA,Y,AES/CBC/PKCS5Padding,RSA/ECB/PKCS1Padding,Covered
POST,/IBSTE/v2/teller-transactions,NA,NA,Y,AES/CBC/PKCS5Padding,RSA/ECB/PKCS1Padding,Covered
GET,/IBSTE/v2/teller-totals/{OrigBrchNbr}/{OrigCashDrwrNbr},NA,NA,Y,AES/CBC/PKCS5Padding,RSA/ECB/PKCS1Padding,Covered
PUT,/IBSTE/v2/branch-totals/{OrigBrchNbr},NA,NA,Y,AES/CBC/PKCS5Padding,RSA/ECB/PKCS1Padding,Covered
GET,/IBSTE/v2/branch-totals/{OrigBrchNbr},NA,NA,Y,AES/CBC/PKCS5Padding,RSA/ECB/PKCS1Padding,Covered
POST,/IBSTE/v2/loan-accounts/{LNAcctNbr}/notes/{NoteNbr}/payments,LNAcctNbr,NA,Y,AES/CBC/PKCS5Padding,RSA/ECB/PKCS1Padding,Covered
POST,/IBSTE/v2/loan-accounts/{LNAcctNbr}/notes/{NoteNbr}/payoffs,LNAcctNbr,NA,Y,AES/CBC/PKCS5Padding,RSA/ECB/PKCS1Padding,Covered
POST,/IBSTE/v2/loan-accounts/{LNAcctNbr}/notes/{NoteNbr}/increases,LNAcctNbr,NA,Y,AES/CBC/PKCS5Padding,RSA/ECB/PKCS1Padding,Covered
GET,/IBSTE/v2/deposit-closing-withdrawals/{DPAcctNbr},DPAcctNbr,NA,Y,AES/CBC/PKCS5Padding,RSA/ECB/PKCS1Padding,Covered
GET,/IBSTE/v2/cd-withdrawals/{DPAcctNbr}/{DPIdNbr},DPAcctNbr,NA,Y,AES/CBC/PKCS5Padding,RSA/ECB/PKCS1Padding,Covered
POST,/IBSTE/v2/cd-withdrawals,NA,NA,Y,AES/CBC/PKCS5Padding,RSA/ECB/PKCS1Padding,Covered
GET,/IBSTE/v2/safeboxes/{BrnchNbr}/{BoxPrfx}/{BoxNbr},BoxNbr,NA,Y,AES/CBC/PKCS5Padding,RSA/ECB/PKCS1Padding,Covered
POST,/IBSTE/v2/safeboxes/{BrnchNbr}/{BoxPrfx}/{BoxNbr}/payments,BoxNbr,NA,Y,AES/CBC/PKCS5Padding,RSA/ECB/PKCS1Padding,Covered
GET,/IBSTE/v2/savings-retirement-account-withdrawals/{DPAcctNbr},DPAcctNbr,MachineId,Y,AES/CBC/PKCS5Padding,RSA/ECB/PKCS1Padding,Covered
POST,/IBSTE/v2/savings-retirement-account-withdrawals,NA,NA,Y,AES/CBC/PKCS5Padding,RSA/ECB/PKCS1Padding,Covered
POST,/IBSCI/v2/self-service-relationships,NA,NA,Y,AES/CBC/PKCS5Padding,RSA/ECB/PKCS1Padding,Covered
POST,/IBSTE/v2/cd-adjustments,NA,NA,Y,AES/CBC/PKCS5Padding,RSA/ECB/PKCS1Padding,Covered
POST,/IBSTE/v2/deposit-account-and-funding,NA,NA,Y,AES/CBC/PKCS5Padding,RSA/ECB/PKCS1Padding,Covered
GET,/IBSDP/v2/accounts/{AcctNbr}/auto-closings,AcctNbr,PrevAcctNbr,Y,AES/CBC/PKCS5Padding,RSA/ECB/PKCS1Padding,Covered
PUT,/IBSDP/v2/accounts/{AcctNbr}/auto-closings,AcctNbr,NA,Y,AES/CBC/PKCS5Padding,RSA/ECB/PKCS1Padding,Covered
POST,/IBSLN/v2/accounts/{AcctNbr}/commitments/{LNCmmtNbr}/commitment-participations,AcctNbr,NA,Y,AES/CBC/PKCS5Padding,RSA/ECB/PKCS1Padding,Covered
PUT,/IBSLN/v2/accounts/{AcctNbr}/commitments/{LNCmmtNbr}/commitment-participations,AcctNbr,NA,Y,AES/CBC/PKCS5Padding,RSA/ECB/PKCS1Padding,Covered
POST,/IBSTE/v2/loan-accounts/{LNAcctNbr}/payments,LNAcctNbr,NA,Y,AES/CBC/PKCS5Padding,RSA/ECB/PKCS1Padding,Covered
POST,/IBSTE/v2/deposit-closing-withdrawals,NA,NA,Y,AES/CBC/PKCS5Padding,RSA/ECB/PKCS1Padding,Covered
POST,/IBSFM/v2/external-transfers,NA,NA,Y,AES/CBC/PKCS5Padding,RSA/ECB/PKCS1Padding,Covered
GET,/IBSBC/v2/dp-account-options-list,NA,NA,Y,AES/CBC/PKCS5Padding,RSA/ECB/PKCS1Padding,Covered
GET,/IBSBC/v2/processing-schedules,NA,NA,Y,AES/CBC/PKCS5Padding,RSA/ECB/PKCS1Padding,Covered
POST,/IBSTR/v2/transfers/credit-card-payments,NA,NA,Y,AES/CBC/PKCS5Padding,RSA/ECB/PKCS1Padding,Covered
POST,/IBSTR/v2/transfers/mortgage-loan-payments,NA,NA,Y,AES/CBC/PKCS5Padding,RSA/ECB/PKCS1Padding,Covered
GET,/IBSSZ/v2/racf-user,NA,CurPswrd,Y,AES/CBC/PKCS5Padding,RSA/ECB/PKCS1Padding,Covered
GET,/IBSBC/v2/branches/{BrchNbr}/detail,NA,NA,Y,AES/CBC/PKCS5Padding,RSA/ECB/PKCS1Padding,Covered
GET,/IBSBC/v2/markets/{MktNbr}/deposit-interest-plans/{IntPlnNbr},NA,NA,Y,AES/CBC/PKCS5Padding,RSA/ECB/PKCS1Padding,Covered
PUT,/IBSBC/v2/markets/{MktNbr}/deposit-interest-plans/{IntPlnNbr},NA,NA,Y,AES/CBC/PKCS5Padding,RSA/ECB/PKCS1Padding,Covered
GET,/IBSBC/v2/markets/{MktNbr}/deposit-market-rate-schedules/{IntPlnNbr},NA,NA,Y,AES/CBC/PKCS5Padding,RSA/ECB/PKCS1Padding,Covered
PUT,/IBSBC/v2/markets/{MktNbr}/deposit-market-rate-schedules/{IntPlnNbr},NA,NA,Y,AES/CBC/PKCS5Padding,RSA/ECB/PKCS1Padding,Covered
POST,/IBSBC/v2/deposit-rate-schedules,NA,NA,Y,AES/CBC/PKCS5Padding,RSA/ECB/PKCS1Padding,Covered
PUT,/IBSBC/v2/deposit-rate-schedules/{IntPlnNbr},NA,NA,Y,AES/CBC/PKCS5Padding,RSA/ECB/PKCS1Padding,Covered
GET,/IBSBC/v2/deposit-rate-schedules/{IntPlnNbr},NA,NA,Y,AES/CBC/PKCS5Padding,RSA/ECB/PKCS1Padding,Covered
POST,/IBSBC/v2/index-rates,NA,NA,Y,AES/CBC/PKCS5Padding,RSA/ECB/PKCS1Padding,Covered
PUT,/IBSBC/v2/index-rates/{RteNbr},NA,NA,Y,AES/CBC/PKCS5Padding,RSA/ECB/PKCS1Padding,Covered
GET,/IBSBC/v2/index-rates/{RteNbr},NA,NA,Y,AES/CBC/PKCS5Padding,RSA/ECB/PKCS1Padding,Altered URI Path
GET,/IBSBC/v2/loan-variable-rate-plans,NA,NA,Y,AES/CBC/PKCS5Padding,RSA/ECB/PKCS1Padding,Covered
GET,/IBSBC/v2/loan-note-options,NA,NA,Y,AES/CBC/PKCS5Padding,RSA/ECB/PKCS1Padding,Covered
GET,/IBSBC/v2/markets,NA,NA,Y,AES/CBC/PKCS5Padding,RSA/ECB/PKCS1Padding,Covered
GET,/IBSBC/v2/officers/{OfcrNbr},NA,NA,Y,AES/CBC/PKCS5Padding,RSA/ECB/PKCS1Padding,Covered
POST,/IBSBC/v2/officers,NA,NA,Y,AES/CBC/PKCS5Padding,RSA/ECB/PKCS1Padding,Covered
PUT,/IBSBC/v2/officers/{OfcrNbr},NA,NA,Y,AES/CBC/PKCS5Padding,RSA/ECB/PKCS1Padding,Covered
PUT,/IBSCB/v2/cards-print-data,NA,NA,Y,AES/CBC/PKCS5Padding,RSA/ECB/PKCS1Padding,Covered
GET,/IBSCB/v2/cards-print-data,NA,CrdNbr,Y,AES/CBC/PKCS5Padding,RSA/ECB/PKCS1Padding,Covered
GET,/IBSCB/v2/cards/{CrdNbr}/negative-file,CrdNbr,CBExpDte|CBShrtNmeLst|CBShrtNmeFrst|CBAvailBal|SavAvailBal|PrfxNbr|PrmyDdaAcctNbr|PrmySavAcctNbr|PrmyCrCrdAcctNbr|AcctNbr,Y,AES/CBC/PKCS5Padding,RSA/ECB/PKCS1Padding,Covered
GET,/IBSCB/v2/cards/{CrdNbr}/transactions,CrdNbr,NA,Y,AES/CBC/PKCS5Padding,RSA/ECB/PKCS1Padding,Covered
GET,/IBSCB/v2/cards/{CrdNbr}/transactions/detail,CrdNbr,NA,Y,AES/CBC/PKCS5Padding,RSA/ECB/PKCS1Padding,Covered
GET,/IBSCB/v2/cards/{CrdNbr}/history-transactions,CrdNbr,NA,Y,AES/CBC/PKCS5Padding,RSA/ECB/PKCS1Padding,Covered
GET,/IBSCB/v2/cards/{CrdNbr}/history-transactions/detail,CrdNbr,NA,Y,AES/CBC/PKCS5Padding,RSA/ECB/PKCS1Padding,Covered
GET,/IBSCB/v2/cards/{CrdNbr}/pending-transactions,CrdNbr,NA,Y,AES/CBC/PKCS5Padding,RSA/ECB/PKCS1Padding,Covered
GET,/IBSCB/v2/cards/{CrdNbr}/pins,CrdNbr,NA,Y,AES/CBC/PKCS5Padding,RSA/ECB/PKCS1Padding,Covered
GET,/IBSII/v2/documents/{EntprsArTyp}/{ArId},ArId,NA,Y,AES/CBC/PKCS5Padding,RSA/ECB/PKCS1Padding,Covered
POST,/IBSLN/v2/accounts/{AcctNbr}/notes/{NoteNbr}/escrow-interest-plans,AcctNbr,NA,Y,AES/CBC/PKCS5Padding,RSA/ECB/PKCS1Padding,Covered
PUT,/IBSLN/v2/accounts/{AcctNbr}/notes/{NoteNbr}/escrow-interest-plans,AcctNbr,NA,Y,AES/CBC/PKCS5Padding,RSA/ECB/PKCS1Padding,Covered
DELETE,/IBSLN/v2/accounts/{AcctNbr}/notes/{NoteNbr}/escrow-interest-plans,AcctNbr,NA,Y,AES/CBC/PKCS5Padding,RSA/ECB/PKCS1Padding,Covered
POST,/IBSCB/v2/cards/{CrdNbr}/prepaid-load-transactions,CrdNbr,NA,Y,AES/CBC/PKCS5Padding,RSA/ECB/PKCS1Padding,Covered
POST,/IBSCB/v2/cards/{CrdNbr}/prepaid-unload-transactions,CrdNbr,NA,Y,AES/CBC/PKCS5Padding,RSA/ECB/PKCS1Padding,Covered
GET,/IBSCI/v2/consumer-internet-banking-accounts/{AcctNbr}/profile,AcctNbr,RepoApplNbr|RepoSubAcctNbr|RepoLNNoteNbr,Y,AES/CBC/PKCS5Padding,RSA/ECB/PKCS1Padding,Covered
GET,/IBSCI/v2/customers/{CustNbr}/accounts/related-customers,CustNbr,NA,Y,AES/CBC/PKCS5Padding,RSA/ECB/PKCS1Padding,Covered
GET,/IBSCI/v2/customers/{CustNbr}/maintenance-history-details,CustNbr,NA,Y,AES/CBC/PKCS5Padding,RSA/ECB/PKCS1Padding,Covered
GET,/IBSCI/v2/customers/{CustNbr}/maintenance-history,CustNbr,NA,Y,AES/CBC/PKCS5Padding,RSA/ECB/PKCS1Padding,Covered
GET,/IBSTE/v2/foreign-currency-rates/{StrtCtryCde},NA,NA,Y,AES/CBC/PKCS5Padding,RSA/ECB/PKCS1Padding,Covered
POST,/IBSTE/v2/loan-accounts/{LNAcctNbr}/notes/{NoteNbr}/receipt-only-payments,LNAcctNbr,NA,Y,AES/CBC/PKCS5Padding,RSA/ECB/PKCS1Padding,Covered
POST,/IBSTE/v2/cd-interest-credits/{DPAcctNbr}/{DPIdNbr},DPAcctNbr,NA,Y,AES/CBC/PKCS5Padding,RSA/ECB/PKCS1Padding,Covered
POST,/IBSTE/v2/deposit-interest-credits/{DPAcctNbr},DPAcctNbr,NA,Y,AES/CBC/PKCS5Padding,RSA/ECB/PKCS1Padding,Covered
GET,/IBSTE/v2/savings-bond-redemption-tables/{RdmptnYr}/{RdmptnMth},NA,NA,Y,AES/CBC/PKCS5Padding,RSA/ECB/PKCS1Padding,Covered
PUT,/IBSCB/v2/cards/{CrdNbr}/cardholder-address,CrdNbr,NA,Y,AES/CBC/PKCS5Padding,RSA/ECB/PKCS1Padding,Covered
GET,/IBSCI/v2/accounts/{ApplCde}/{AcctNbr}/dynamic-profile,AcctNbr,NA,Y,AES/CBC/PKCS5Padding,RSA/ECB/PKCS1Padding,Covered
GET,/IBSDP/v2/accounts/{AcctNbr}/dynamic-inquiry,AcctNbr,NA,Y,AES/CBC/PKCS5Padding,RSA/ECB/PKCS1Padding,Covered
GET,/IBSDP/v2/accounts/dynamic-inquiry/fields,NA,NA,Y,AES/CBC/PKCS5Padding,RSA/ECB/PKCS1Padding,Covered
POST,/IBSDP/v2/accounts/dynamic-inquiry/signature,NA,NA,Y,AES/CBC/PKCS5Padding,RSA/ECB/PKCS1Padding,Covered
POST,/IBSDP/v2/check-orders,NA,NA,Y,AES/CBC/PKCS5Padding,RSA/ECB/PKCS1Padding,Covered
GET,/IBSLN/v2/accounts/{AcctNbr}/notes/{NoteNbr}/dynamic-inquiry,AcctNbr,NA,Y,AES/CBC/PKCS5Padding,RSA/ECB/PKCS1Padding,Covered
GET,/IBSLN/v2/accounts/notes/dynamic-inquiry/fields,NA,NA,Y,AES/CBC/PKCS5Padding,RSA/ECB/PKCS1Padding,Covered
POST,/IBSLN/v2/accounts/notes/dynamic-inquiry/signature,NA,NA,Y,AES/CBC/PKCS5Padding,RSA/ECB/PKCS1Padding,Covered
POST,/IBSLO/v4/loan-boarding,NA,NA,Y,AES/CBC/PKCS5Padding,RSA/ECB/PKCS1Padding,Covered
POST,/IBSTR/v2/transfers,NA,NA,Y,AES/CBC/PKCS5Padding,RSA/ECB/PKCS1Padding,Covered
POST,/IBSTR/v2/transfers/certificates-of-deposit,NA,NA,Y,AES/CBC/PKCS5Padding,RSA/ECB/PKCS1Padding,Covered
GET,/IBSTR/v2/transfers/customers/{CustNbr},CustNbr,NA,Y,AES/CBC/PKCS5Padding,RSA/ECB/PKCS1Padding,Covered
POST,/IBSSM/v1/call-requests,NA,NA,Y,AES/CBC/PKCS5Padding,RSA/ECB/PKCS1Padding,Covered
PUT,/IBSSM/v1/call-requests,NA,NA,Y,AES/CBC/PKCS5Padding,RSA/ECB/PKCS1Padding,Covered1
GET,/IBSSM/v1/call-requests,NA,NA,Y,AES/CBC/PKCS5Padding,RSA/ECB/PKCS1Padding,Covered
GET,/IBSSM/v1/call-request-field-information,NA,NA,Y,AES/CBC/PKCS5Padding,RSA/ECB/PKCS1Padding,Covered
GET,/IBSSM/v1/sales-request-field-information,NA,NA,Y,AES/CBC/PKCS5Padding,RSA/ECB/PKCS1Padding,Covered
POST,/IBSSM/v1/customers/{IpId}/{MsgId}/notes-requests,NA,NA,Y,AES/CBC/PKCS5Padding,RSA/ECB/PKCS1Padding,Covered
GET,/IBSSM/v1/notes-requests,NA,NA,Y,AES/CBC/PKCS5Padding,RSA/ECB/PKCS1Padding,Covered
GET,/IBSEO/v3/products,NA,NA,Y,AES/CBC/PKCS5Padding,RSA/ECB/PKCS1Padding,Covered
POST,/IBSEO/v3/products-list,NA,NA,Y,AES/CBC/PKCS5Padding,RSA/ECB/PKCS1Padding,Covered
GET,/IBSRE/v2/tax-id/{TaxNbr}/customer-plans,TaxNbr,NA,Y,AES/CBC/PKCS5Padding,RSA/ECB/PKCS1Padding,Covered
POST,/IBSRE/v2/tax-id/customer-plans,NA,NA,Y,AES/CBC/PKCS5Padding,RSA/ECB/PKCS1Padding,Covered
PUT,/IBSRE/v2/tax-id/customer-plans,NA,NA,Y,AES/CBC/PKCS5Padding,RSA/ECB/PKCS1Padding,Covered
DELETE,/IBSRE/v2/tax-id/{TaxNbr}/customer-plans,TaxNbr,CustNme|CustDOB,Y,AES/CBC/PKCS5Padding,RSA/ECB/PKCS1Padding,Covered
GET,/IBSRE/v2/plans/{PlnNbr}/details,PlnNbr,NA,Y,AES/CBC/PKCS5Padding,RSA/ECB/PKCS1Padding,Covered
POST,/IBSRE/v2/plans/{PlnNbr}/accounts-detail,PlnNbr,NA,Y,AES/CBC/PKCS5Padding,RSA/ECB/PKCS1Padding,Covered
PUT,/IBSRE/v2/plans/{PlnNbr}/accounts-detail,PlnNbr,NA,Y,AES/CBC/PKCS5Padding,RSA/ECB/PKCS1Padding,Covered
DELETE,/IBSRE/v2/plans/{PlnNbr}/accounts-detail,PlnNbr,TaxNbr,Y,AES/CBC/PKCS5Padding,RSA/ECB/PKCS1Padding,Covered
PUT,/IBSET/v3/users/{UsrId}/change-passwords,UsrId,NA,Y,AES/CBC/PKCS5Padding,RSA/ECB/PKCS1Padding,Covered
PUT,/IBSET/v3/users/{UsrId}/reset-passwords,UsrId,NA,Y,AES/CBC/PKCS5Padding,RSA/ECB/PKCS1Padding,Covered
POST,/IBSET/v3/delete-users,NA,NA,Y,AES/CBC/PKCS5Padding,RSA/ECB/PKCS1Padding,Covered
POST,/IBSET/v3/new-users,NA,NA,Y,AES/CBC/PKCS5Padding,RSA/ECB/PKCS1Padding,Covered
POST,/IBSET/v3/users,NA,NA,Y,AES/CBC/PKCS5Padding,RSA/ECB/PKCS1Padding,Covered
PUT,/IBSET/v3/multiple-users/status,NA,NA,Y,AES/CBC/PKCS5Padding,RSA/ECB/PKCS1Padding,Covered
PUT,/IBSET/v3/users/{UsrId},UsrId,NA,Y,AES/CBC/PKCS5Padding,RSA/ECB/PKCS1Padding,Covered
POST,/IBSET/v3/users/get-details,NA,NA,Y,AES/CBC/PKCS5Padding,RSA/ECB/PKCS1Padding,Covered
POST,/IBSET/v3/users/search-details,NA,NA,Y,AES/CBC/PKCS5Padding,RSA/ECB/PKCS1Padding,Covered
GET,/IBSET/v3/roles/search-details,NA,NA,Y,AES/CBC/PKCS5Padding,RSA/ECB/PKCS1Padding,Covered
PUT,/IBSET/v3/users/{UsrId}/roles,UsrId,NA,Y,AES/CBC/PKCS5Padding,RSA/ECB/PKCS1Padding,Covered
POST,/IBSET/v3/users/get-roles,NA,NA,Y,AES/CBC/PKCS5Padding,RSA/ECB/PKCS1Padding,Covered
POST,/IBSET/v3/users/search-roles,NA,NA,Y,AES/CBC/PKCS5Padding,RSA/ECB/PKCS1Padding,Covered
POST,/IBSET/v3/roles,NA,NA,Y,AES/CBC/PKCS5Padding,RSA/ECB/PKCS1Padding,Covered
DELETE,/IBSET/v3/roles/{RoleId},NA,NA,Y,AES/CBC/PKCS5Padding,RSA/ECB/PKCS1Padding,Covered
PUT,/IBSET/v3/roles/{RoleId},NA,NA,Y,AES/CBC/PKCS5Padding,RSA/ECB/PKCS1Padding,Covered
PUT,/IBSET/v3/roles/{RoleId}/users,NA,NA,Y,AES/CBC/PKCS5Padding,RSA/ECB/PKCS1Padding,Covered
GET,/IBSET/v3/roles/{RoleId}/details,NA,NA,Y,AES/CBC/PKCS5Padding,RSA/ECB/PKCS1Padding,Covered
DELETE,/IBSET/v3/roles/{RoleId}/entitlements,NA,NA,Y,AES/CBC/PKCS5Padding,RSA/ECB/PKCS1Padding,Covered
POST,/IBSET/v3/roles/{RoleId}/entitlements,NA,NA,Y,AES/CBC/PKCS5Padding,RSA/ECB/PKCS1Padding,Covered
GET,/IBSET/v3/entitleables,NA,NA,Y,AES/CBC/PKCS5Padding,RSA/ECB/PKCS1Padding,Covered
PUT,/IBSET/v3/users/{UsrId}/exception-desktop,UsrId,NA,Y,AES/CBC/PKCS5Padding,RSA/ECB/PKCS1Padding,Covered
GET,/IBSET/v3/users/exception-desktop,NA,UsrId,Y,AES/CBC/PKCS5Padding,RSA/ECB/PKCS1Padding,Covered
GET,/IBSCBFRAUD/v3/cards/{CrdNbr}/fraud-exclusion-codes,CrdNbr,NA,Y,AES/CBC/PKCS5Padding,RSA/ECB/PKCS1Padding,Covered
DELETE,/IBSCBFRAUD/v3/cards/{CrdNbr}/fraud-exclusions,CrdNbr,NA,Y,AES/CBC/PKCS5Padding,RSA/ECB/PKCS1Padding,Covered
GET,/IBSCBFRAUD/v3/cards/{CrdNbr}/fraud-exclusions,CrdNbr,NA,Y,AES/CBC/PKCS5Padding,RSA/ECB/PKCS1Padding,Covered
PUT,/IBSCBFRAUD/v3/cards/{CrdNbr}/fraud-exclusions,CrdNbr,NA,Y,AES/CBC/PKCS5Padding,RSA/ECB/PKCS1Padding,Covered
POST,/IBSCBPIN/v3/cards/{CrdNbr}/pin-reminders,CrdNbr,NA,Y,AES/CBC/PKCS5Padding,RSA/ECB/PKCS1Padding,Covered
PUT,/IBSCB/v3/cards/{CrdNbr}/personal-limits,CrdNbr,NA,Y,AES/CBC/PKCS5Padding,RSA/ECB/PKCS1Padding,Covered
PUT,/IBSCB/v3/cards/{CrdNbr}/failure-counters,CrdNbr,NA,Y,AES/CBC/PKCS5Padding,RSA/ECB/PKCS1Padding,Covered
GET,/IBSCBACCT/v3/dda-accounts/{DDAAcctNbr}/pending-transactions,DDAAcctNbr,NA,Y,AES/CBC/PKCS5Padding,RSA/ECB/PKCS1Padding,Covered
GET,/IBSCBACCT/v3/savings-accounts/{SavAcctNbr}/pending-transactions,SavAcctNbr,NA,Y,AES/CBC/PKCS5Padding,RSA/ECB/PKCS1Padding,Covered
POST,/IBSCB/v3/card-numbers,NA,NA,Y,AES/CBC/PKCS5Padding,RSA/ECB/PKCS1Padding,Covered
POST,/IBSCB/v3/card-reissue,NA,NA,Y,AES/CBC/PKCS5Padding,RSA/ECB/PKCS1Padding,Covered
POST,/IBSCB/v3/cards,NA,NA,Y,AES/CBC/PKCS5Padding,RSA/ECB/PKCS1Padding,Covered
GET,/IBSCB/v3/cards/{CBCrdNbr},CBCrdNbr,NA,Y,AES/CBC/PKCS5Padding,RSA/ECB/PKCS1Padding,Covered
PUT,/IBSCB/v3/cards/{CBCrdNbr}/activation,CBCrdNbr,NA,Y,AES/CBC/PKCS5Padding,RSA/ECB/PKCS1Padding,Covered
PUT,/IBSCBNEGFILE/v3/cards/{CBCrdNbr}/negative-file-ivr,CBCrdNbr,NA,Y,AES/CBC/PKCS5Padding,RSA/ECB/PKCS1Padding,Covered
POST,/IBSCB/v3/card-link-unlink,NA,NA,Y,AES/CBC/PKCS5Padding,RSA/ECB/PKCS1Padding,Covered
GET,/IBSCBPIN/v3/cards/{CBCrdNbr}/pins-ivr,CBCrdNbr,NA,Y,AES/CBC/PKCS5Padding,RSA/ECB/PKCS1Padding,Covered
PUT,/IBSCBPIN/v3/cards/{CBCrdNbr}/pins-ivr,CBCrdNbr,NA,Y,AES/CBC/PKCS5Padding,RSA/ECB/PKCS1Padding,Covered
DELETE,/IBSCB/v3/cards/{CrdNbr},CrdNbr,NA,Y,AES/CBC/PKCS5Padding,RSA/ECB/PKCS1Padding,Covered
GET,/IBSCB/v3/cards/{CrdNbr}/authentication,CrdNbr,PrmySsn|CrdSecCde|Pin|CBExprDte,Y,AES/CBC/PKCS5Padding,RSA/ECB/PKCS1Padding,Covered
GET,/IBSCB/v3/cards/{CrdNbr}/card-authentication,CrdNbr,CBDigestPINBlck|CBDigestCSCBlck,Y,AES/CBC/PKCS5Padding,RSA/ECB/PKCS1Padding,Covered
GET,/IBSCBHOLDS/v3/cards/{CrdNbr}/holds,CrdNbr,NA,Y,AES/CBC/PKCS5Padding,RSA/ECB/PKCS1Padding,Covered
GET,/IBSCB/v3/cards/{CrdNbr}/ivr-service-charge,CrdNbr,NA,Y,AES/CBC/PKCS5Padding,RSA/ECB/PKCS1Padding,Covered
GET,/IBSCBNEGFILE/v3/cards/{CrdNbr}/negative-file,CrdNbr,CBExpDte|CBShrtNmeLst|CBShrtNmeFrst|CBAvailBal|SavAvailBal|PrfxNbr|PrmyDdaAcctNbr|PrmySavAcctNbr|PrmyCrCrdAcctNbr|AcctNbr,Y,AES/CBC/PKCS5Padding,RSA/ECB/PKCS1Padding,Covered
PUT,/IBSCBNEGFILE/v3/cards/{CBCrdNbr}/negative-file,CBCrdNbr,NA,Y,AES/CBC/PKCS5Padding,RSA/ECB/PKCS1Padding,Covered
GET,/IBSCBNEGFILE/v3/cards/{CrdNbr}/negative-file-replace-card,CrdNbr,NA,Y,AES/CBC/PKCS5Padding,RSA/ECB/PKCS1Padding,Covered
GET,/IBSCB/v3/cards/{CrdNbr}/notes,CrdNbr,NA,Y,AES/CBC/PKCS5Padding,RSA/ECB/PKCS1Padding,Covered
PUT,/IBSCB/v3/cards/{CrdNbr}/notes,CrdNbr,NA,Y,AES/CBC/PKCS5Padding,RSA/ECB/PKCS1Padding,Covered
GET,/IBSCBPIN/v3/cards/{CrdNbr}/pins,CrdNbr,NA,Y,AES/CBC/PKCS5Padding,RSA/ECB/PKCS1Padding,Covered
PUT,/IBSCBPIN/v3/cards/{CrdNbr}/pins,CrdNbr,NA,Y,AES/CBC/PKCS5Padding,RSA/ECB/PKCS1Padding,Covered
GET,/IBSCB/v3/cards/{CrdNbr}/profile,CrdNbr,NA,Y,AES/CBC/PKCS5Padding,RSA/ECB/PKCS1Padding,Covered
GET,/IBSCB/v3/cards/{CrdNbr}/usage-statistics,CrdNbr,NA,Y,AES/CBC/PKCS5Padding,RSA/ECB/PKCS1Padding,Covered
GET,/IBSCBACCT/v3/cards/external-accounts,NA,CrdNbr,Y,AES/CBC/PKCS5Padding,RSA/ECB/PKCS1Padding,Covered
POST,/IBSCB/v3/cards/ivr-service-charge,NA,NA,Y,AES/CBC/PKCS5Padding,RSA/ECB/PKCS1Padding,Covered
PUT,/IBSCBNEGFILE/v3/cards/negative-file-replace-card,NA,NA,Y,AES/CBC/PKCS5Padding,RSA/ECB/PKCS1Padding,Covered
PUT,/IBSCBACCT/v3/cards/primary-accounts,NA,NA,Y,AES/CBC/PKCS5Padding,RSA/ECB/PKCS1Padding,Covered
POST,/IBSCB/v3/cards/replace,NA,NA,Y,AES/CBC/PKCS5Padding,RSA/ECB/PKCS1Padding,Covered
GET,/IBSCBSRH/v3/cards/search,NA,SearchCriteria1|SearchCriteria2,Y,AES/CBC/PKCS5Padding,RSA/ECB/PKCS1Padding,Covered
GET,/IBSCBACCT/v3/dda-accounts/{AcctNbr}/cards,AcctNbr,NA,Y,AES/CBC/PKCS5Padding,RSA/ECB/PKCS1Padding,Covered
POST,/IBSCBACCT/v3/multiple-accounts,NA,NA,Y,AES/CBC/PKCS5Padding,RSA/ECB/PKCS1Padding,Covered
GET,/IBSCBACCT/v3/multiple-accounts/{CrdNbr},CrdNbr,NA,Y,AES/CBC/PKCS5Padding,RSA/ECB/PKCS1Padding,Covered
PUT,/IBSCBACCT/v3/multiple-accounts/{CrdNbr},CrdNbr,NA,Y,AES/CBC/PKCS5Padding,RSA/ECB/PKCS1Padding,Covered
DELETE,/IBSCBACCT/v3/multiple-accounts/{CrdNbr}/{AcctTyp}/{AcctNbr},CrdNbr|AcctNbr,NA,Y,AES/CBC/PKCS5Padding,RSA/ECB/PKCS1Padding,Covered
GET,/IBSCBACCT/v3/multiple-accounts/{CrdNbr}/balances,CrdNbr,NA,Y,AES/CBC/PKCS5Padding,RSA/ECB/PKCS1Padding,Covered
POST,/IBSCB/v3/pinless-card-reissue,NA,NA,Y,AES/CBC/PKCS5Padding,RSA/ECB/PKCS1Padding,Covered
GET,/IBSCBPREFIX/v3/prefixes/fee-info,NA,PrfxNbr|CrdNbr,Y,AES/CBC/PKCS5Padding,RSA/ECB/PKCS1Padding,Covered
GET,/IBSCBACCT/v3/savings-accounts/{AcctNbr}/cards,AcctNbr,NA,Y,AES/CBC/PKCS5Padding,RSA/ECB/PKCS1Padding,Covered
GET,/IBSRE/v2/plans/{PlnNbr}/accounts-list,PlnNbr,NA,Y,AES/CBC/PKCS5Padding,RSA/ECB/PKCS1Padding,Covered
POST,/IBSTE/v2/ctr-conductor-information,NA,NA,Y,AES/CBC/PKCS5Padding,RSA/ECB/PKCS1Padding,Covered
GET,/IBSTE/v2/deposit-account-information/{DPAcctNbr},DPAcctNbr,NA,Y,AES/CBC/PKCS5Padding,RSA/ECB/PKCS1Padding,Covered
PUT,/IBSCICUSTDEM/v3/customers/{CIApplNbr}/individual-demographics,CIApplNbr,NA,Y,AES/CBC/PKCS5Padding,RSA/ECB/PKCS1Padding,Covered
PUT,/IBSCICUSTDEM/v3/customers/{CIApplNbr}/organization-demographics,CIApplNbr,NA,Y,AES/CBC/PKCS5Padding,RSA/ECB/PKCS1Padding,Covered
GET,/IBSDPACCT/v3/accounts/{AcctNbr}/balances,AcctNbr,NA,Y,AES/CBC/PKCS5Padding,RSA/ECB/PKCS1Padding,Covered
GET,/IBSDPACCT/v3/accounts/{AcctNbr}/dynamic-inquiry,AcctNbr,NA,Y,AES/CBC/PKCS5Padding,RSA/ECB/PKCS1Padding,Covered
GET,/IBSDPACCT/v3/accounts/{AcctNbr}/certificates-of-deposit/{TDId}/renegotiation,AcctNbr,NA,Y,AES/CBC/PKCS5Padding,RSA/ECB/PKCS1Padding,Covered
PUT,/IBSDPACCT/v3/accounts/{AcctNbr}/certificates-of-deposit/{TDId}/renegotiation,AcctNbr,NA,Y,AES/CBC/PKCS5Padding,RSA/ECB/PKCS1Padding,Covered
GET,/IBSDPTran/v3/accounts/{AcctNbr}/account-transactions,AcctNbr,NA,Y,AES/CBC/PKCS5Padding,RSA/ECB/PKCS1Padding,Covered
GET,/IBSDPTran/v3/accounts/{DPAcctNbr}/pra-transactions,DPAcctNbr,NA,Y,AES/CBC/PKCS5Padding,RSA/ECB/PKCS1Padding,Covered
GET,/IBSCIMISCACCT/v3/miscellaneous-accounts/{ApplCde}/{AcctNbr},AcctNbr,NA,Y,AES/CBC/PKCS5Padding,RSA/ECB/PKCS1Padding,Covered
GET,/IBSLNACCT/v3/accounts/{AcctNbr}/dynamic-inquiry,AcctNbr,NA,Y,AES/CBC/PKCS5Padding,RSA/ECB/PKCS1Padding,Covered
GET,/IBSLNACCT/v3/accounts/dynamic-inquiry/fields,NA,NA,Y,AES/CBC/PKCS5Padding,RSA/ECB/PKCS1Padding,Covered
POST,/IBSLNACCT/v3/accounts/dynamic-inquiry/signature,NA,NA,Y,AES/CBC/PKCS5Padding,RSA/ECB/PKCS1Padding,Covered
GET,/IBSCICUSTDEM/v3/customers/{CustNbr}/aliases,CustNbr,NA,Y,AES/CBC/PKCS5Padding,RSA/ECB/PKCS1Padding,Covered
GET,/IBSCICUSTDEM/v3/customers/{CICustNbr}/name-address,CICustNbr,NA,Y,AES/CBC/PKCS5Padding,RSA/ECB/PKCS1Padding,Covered
GET,/IBSCIACCTDEM/v3/accounts/{AppCde}/{ApplNbr}/name-address,ApplNbr,NA,Y,AES/CBC/PKCS5Padding,RSA/ECB/PKCS1Padding,Covered
DELETE,/IBSLNPAYOFF/v3/accounts/{AcctNbr}/notes/{NoteNbr}/payoff-quotes,AcctNbr,NA,Y,AES/CBC/PKCS5Padding,RSA/ECB/PKCS1Padding,Covered
GET,/IBSLNPAYOFF/v3/accounts/{AcctNbr}/notes/{NoteNbr}/payoff-quotes,AcctNbr,NA,Y,AES/CBC/PKCS5Padding,RSA/ECB/PKCS1Padding,Covered
POST,/IBSLNPAYOFF/v3/accounts/{AcctNbr}/notes/{NoteNbr}/payoff-quotes,AcctNbr,NA,Y,AES/CBC/PKCS5Padding,RSA/ECB/PKCS1Padding,Covered
GET,/IBSCIRLT/v3/customers/{CICustNbr}/dynamic-profile,CICustNbr,NA,Y,AES/CBC/PKCS5Padding,RSA/ECB/PKCS1Padding,Covered
GET,/IBSCIRLT/v3/customers/dynamic-profile/fields,NA,NA,Y,AES/CBC/PKCS5Padding,RSA/ECB/PKCS1Padding,Covered
POST,/IBSCIRLT/v3/customers/dynamic-profile/signature,NA,NA,Y,AES/CBC/PKCS5Padding,RSA/ECB/PKCS1Padding,Covered
GET,/IBSSB/v3/branches/{Brnch}/boxes/{BoxPrfx}/{BoxNbr}/owners,NA,NA,Y,AES/CBC/PKCS5Padding,RSA/ECB/PKCS1Padding,Covered
GET,/IBSDPACCT/v3/accounts/dynamic-inquiry/fields,NA,NA,Y,AES/CBC/PKCS5Padding,RSA/ECB/PKCS1Padding,Covered
POST,/IBSDPACCT/v3/accounts/dynamic-inquiry/signature,NA,NA,Y,AES/CBC/PKCS5Padding,RSA/ECB/PKCS1Padding,Covered
GET,/IBSLNNOTE/v3/accounts/notes/dynamic-inquiry/fields,NA,NA,Y,AES/CBC/PKCS5Padding,RSA/ECB/PKCS1Padding,Covered
POST,/IBSLNNOTE/v3/accounts/notes/dynamic-inquiry/signature,NA,NA,Y,AES/CBC/PKCS5Padding,RSA/ECB/PKCS1Padding,Covered
GET,/IBSDPTran/v3/closing-balance-transactions/{DPAcctNbr}/{DPTDWthdrwlTyp},DPAcctNbr,NA,Y,AES/CBC/PKCS5Padding,RSA/ECB/PKCS1Padding,Covered
POST,/IBSDPTran/v3/closing-balance-transactions,NA,NA,Y,AES/CBC/PKCS5Padding,RSA/ECB/PKCS1Padding,Covered
POST,/IBSDPTran/v3/dollar-transactions,NA,NA,Y,AES/CBC/PKCS5Padding,RSA/ECB/PKCS1Padding,Covered
POST,/IBSDPTran/v3/float-transactions,NA,NA,Y,AES/CBC/PKCS5Padding,RSA/ECB/PKCS1Padding,Covered
POST,/IBSDPTran/v3/td-withdrawal-adjustment-transactions,NA,NA,Y,AES/CBC/PKCS5Padding,RSA/ECB/PKCS1Padding,Covered
POST,/IBSDPTran/v3/td-withdrawal-transactions,NA,NA,Y,AES/CBC/PKCS5Padding,RSA/ECB/PKCS1Padding,Covered
POST,/IBSDPACCT/v3/accounts/statement-requests,NA,NA,Y,AES/CBC/PKCS5Padding,RSA/ECB/PKCS1Padding,Covered
PUT,/IBSDO/v3/accounts/{DPAcctNbr}/multiple-keywords,DPAcctNbr,NA,Y,AES/CBC/PKCS5Padding,RSA/ECB/PKCS1Padding,Covered
GET,/IBSDPHOLD/v3/accounts/{DPAcctNbr}/holds,DPAcctNbr,NA,Y,AES/CBC/PKCS5Padding,RSA/ECB/PKCS1Padding,Covered
GET,/IBSCISRH/v3/customers/search/customer-number,NA,NA,Y,AES/CBC/PKCS5Padding,RSA/ECB/PKCS1Padding,Covered
GET,/IBSCISRH/v3/customers/search/name-address,NA,NA,Y,AES/CBC/PKCS5Padding,RSA/ECB/PKCS1Padding,Covered
GET,/IBSCISRH/v3/customers/search/taxnbr,NA,NA,Y,AES/CBC/PKCS5Padding,RSA/ECB/PKCS1Padding,Covered
GET,/IBSCISRH/v3/customers/search/telephone-number,NA,NA,Y,AES/CBC/PKCS5Padding,RSA/ECB/PKCS1Padding,Covered
GET,/IBSLNTRAN/v3/accounts/{LNAcctNbr}/notes/{LNNoteNbr}/transactions,LNAcctNbr,NA,Y,AES/CBC/PKCS5Padding,RSA/ECB/PKCS1Padding,Covered
GET,/IBSLNNOTE/v3/accounts/{AcctNbr}/notes/{NoteNbr}/dynamic-inquiry,AcctNbr,NA,Y,AES/CBC/PKCS5Padding,RSA/ECB/PKCS1Padding,Covered
POST,/IBSDLB/v1/dynamic-loan-boarding,NA,NA,Y,AES/CBC/PKCS5Padding,RSA/ECB/PKCS1Padding,Covered
GET,/IBSLNCMMT/v3/accounts/{AcctNbr}/commitments,AcctNbr,NA,Y,AES/CBC/PKCS5Padding,RSA/ECB/PKCS1Padding,Covered
GET,/IBSLNCMMT/v3/accounts/{LNAcctNbr}/commitments/{LNCmmtNbr}/usages,LNAcctNbr,NA,Y,AES/CBC/PKCS5Padding,RSA/ECB/PKCS1Padding,Covered
GET,/IBSCICUSTDEM/v3/customers/{CustNbr}/phone-numbers,CustNbr,NA,Y,AES/CBC/PKCS5Padding,RSA/ECB/PKCS1Padding,Covered
PUT,/IBSCICUSTDEM/v3/customers/{CustNbr}/phone-numbers,CustNbr,NA,Y,AES/CBC/PKCS5Padding,RSA/ECB/PKCS1Padding,Covered
GET,/IBSDPDEM/v3/accounts/{AcctNbr}/addresses,AcctNbr,NA,Y,AES/CBC/PKCS5Padding,RSA/ECB/PKCS1Padding,Covered
GET,/IBSEXCP/v1/accounts/{AccountNumber}/overdrafts,AccountNumber,NA,Y,AES/CBC/PKCS5Padding,RSA/ECB/PKCS1Padding,Covered
POST,/IBSCI/v3/customers/organizations,NA,NA,Y,AES/CBC/PKCS5Padding,RSA/ECB/PKCS1Padding,Covered
PUT,/IBSDPKEY/v3/accounts/{DPAcctNbr}/keywords,DPAcctNbr,NA,Y,AES/CBC/PKCS5Padding,RSA/ECB/PKCS1Padding,Covered
POST,/IBSSCP/v1/customer-single-commit,NA,NA,Y,AES/CBC/PKCS5Padding,RSA/ECB/PKCS1Padding,Covered
GET,/IBSRVM/v1/enrollments/{EnrlmtID},EnrlmtID,NA,Y,AES/CBC/PKCS5Padding,RSA/ECB/PKCS1Padding,Covered
GET,/IBSRVM/v1/enrollments/{EnrlmtID}/packages/{PkgID}/tiers/{TierID}/evaluation,EnrlmtID,NA,Y,AES/CBC/PKCS5Padding,RSA/ECB/PKCS1Padding,Covered
GET,/IBSRVM/v1/packages/{PkgID}/tiers/{PrcsOpt},PkgID,NA,Y,AES/CBC/PKCS5Padding,RSA/ECB/PKCS1Padding,Covered
GET,/IBSRE/v2/contributions-history,NA,NA,Y,AES/CBC/PKCS5Padding,RSA/ECB/PKCS1Padding,Covered
GET,/IBSRE/v2/distributions-history,NA,NA,Y,AES/CBC/PKCS5Padding,RSA/ECB/PKCS1Padding,Covered
POST,/IBSCI/v3/customers/individuals,NA,NA,Y,AES/CBC/PKCS5Padding,RSA/ECB/PKCS1Padding,Covered
GET,/IBSFM/v3/transfer-relationships/{FMReceivingAcctNbr}/{FMApplCde},FMReceivingAcctNbr,NA,Y,AES/CBC/PKCS5Padding,RSA/ECB/PKCS1Padding,Covered
POST,/IBSFM/v3/immediate-transfers,NA,NA,Y,AES/CBC/PKCS5Padding,RSA/ECB/PKCS1Padding,Covered
GET,/IBSDPACCT/v3/accounts/{AcctNbr}/past-cycle-data,AcctNbr,NA,Y,AES/CBC/PKCS5Padding,RSA/ECB/PKCS1Padding,Covered
GET,/IBSDPACCT/v3/accounts/{DPAcctNbr}/past-year-data,DPAcctNbr,NA,Y,AES/CBC/PKCS5Padding,RSA/ECB/PKCS1Padding,Covered
POST,/IBSTE/v2/dda-sav-deposit-with-reg-cc-hold-transactions,NA,NA,Y,AES/CBC/PKCS5Padding,RSA/ECB/PKCS1Padding,Covered
POST,/IBSTE/v2/dda-sav-transfers,NA,NA,Y,AES/CBC/PKCS5Padding,RSA/ECB/PKCS1Padding,Covered
POST,/IBSTE/v2/dda-sav-transfers-reversal,NA,NA,Y,AES/CBC/PKCS5Padding,RSA/ECB/PKCS1Padding,Covered
DELETE,/IBSCIRLT/v3/customer-account-future-dated-name-addresses/{ApplCde}/{ApplNbr}/{EffDte},ApplCde,NA,Y,AES/CBC/PKCS5Padding,RSA/ECB/PKCS1Padding,Covered
PUT,/IBSCICUSTDEM/v3/customers/{CustNbr}/email-addresses,CustNbr,NA,Y,AES/CBC/PKCS5Padding,RSA/ECB/PKCS1Padding,Covered
PUT,/IBSCIRLT/v3/beneficiary-account-relationships,NA,NA,Y,AES/CBC/PKCS5Padding,RSA/ECB/PKCS1Padding,Covered
GET,/IBSCIRLT/v3/beneficiary-account-relationships/{ApplCde}/{AcctNbr},AcctNbr,NA,Y,AES/CBC/PKCS5Padding,RSA/ECB/PKCS1Padding,Covered
PUT,/IBSCBACCT/v3/cards/{CrdNbr}/prepaid-credit-adjustments,CrdNbr,NA,Y,AES/CBC/PKCS5Padding,RSA/ECB/PKCS1Padding,Covered
PUT,/IBSCBACCT/v3/cards/{CrdNbr}/prepaid-debit-adjustments,CrdNbr,NA,Y,AES/CBC/PKCS5Padding,RSA/ECB/PKCS1Padding,Covered
POST,/IBSCBACCT/v3/cards/{CrdNbr}/cancelled-payments,CrdNbr,NA,Y,AES/CBC/PKCS5Padding,RSA/ECB/PKCS1Padding,Covered
PUT,/IBSCBACCT/v3/cards/{CrdNbr}/cancelled-payments,CrdNbr,NA,Y,AES/CBC/PKCS5Padding,RSA/ECB/PKCS1Padding,Covered
DELETE,/IBSCBACCT/v3/cards/{CrdNbr}/cancelled-payments,CrdNbr,NA,Y,AES/CBC/PKCS5Padding,RSA/ECB/PKCS1Padding,Covered
GET,/IBSCBACCT/v3/cards/{CrdNbr}/cancelled-payments,CrdNbr,NA,Y,AES/CBC/PKCS5Padding,RSA/ECB/PKCS1Padding,Covered
POST,/IBSDO/v3/deposit-origination,NA,NA,Y,AES/CBC/PKCS5Padding,RSA/ECB/PKCS1Padding,Covered
GET,/IBSRE/v2/plans/{PlnNbr}/beneficiaries,PlnNbr,NA,Y,AES/CBC/PKCS5Padding,RSA/ECB/PKCS1Padding,Covered
PUT,/IBSRE/v2/plans/{PlnNbr}/beneficiaries,PlnNbr,NA,Y,AES/CBC/PKCS5Padding,RSA/ECB/PKCS1Padding,Covered
POST,/IBSRE/v2/plans/{PlnNbr}/beneficiaries,PlnNbr,NA,Y,AES/CBC/PKCS5Padding,RSA/ECB/PKCS1Padding,Covered
PUT,/IBSRE/v2/plans/{PlnNbr}/delete-beneficiaries,PlnNbr,NA,Y,AES/CBC/PKCS5Padding,RSA/ECB/PKCS1Padding,Covered
POST,/IBSCIRLT/v3/accounts,NA,NA,Y,AES/CBC/PKCS5Padding,RSA/ECB/PKCS1Padding,Covered
PUT,/IBSCBALERT/v3/cards/alert-preferences,NA,NA,Y,AES/CBC/PKCS5Padding,RSA/ECB/PKCS1Padding,Covered
GET,/IBSCBALERT/v3/cards/{CrdNbr}/alert-preferences,CrdNbr,NA,Y,AES/CBC/PKCS5Padding,RSA/ECB/PKCS1Padding,Covered
PUT,/IBSCIRLT/v3/account-customer-relationships,NA,NA,Y,AES/CBC/PKCS5Padding,RSA/ECB/PKCS1Padding,Covered
POST,/IBSDPACCT/v3/accounts/{AcctNbr}/certificates-of-deposit,AcctNbr,NA,Y,AES/CBC/PKCS5Padding,RSA/ECB/PKCS1Padding,Covered
GET,/IBSCBPREFIX/v3/prefixes/{PrfxNum}/issuer-ids,PrfxNum,NA,Y,AES/CBC/PKCS5Padding,RSA/ECB/PKCS1Padding,Covered
GET,/IBSDPACCT/v3/accounts/{AcctNbr}/overdraft-fees-history,AcctNbr,NA,Y,AES/CBC/PKCS5Padding,RSA/ECB/PKCS1Padding,Covered
GET,IBSEXCP/v1/accounts/{AccountNumber}/rolling-twelve-months,AccountNumber,NA,Y,AES/CBC/PKCS5Padding,RSA/ECB/PKCS1Padding,Covered
GET,/IBSDPHOLD/v3/accounts/{DPAcctNbr}/stop-payments,DPAcctNbr,NA,Y,AES/CBC/PKCS5Padding,RSA/ECB/PKCS1Padding,Covered
POST,/IBSDPHOLD/v3/accounts/{DPAcctNbr}/stop-payments,DPAcctNbr,NA,Y,AES/CBC/PKCS5Padding,RSA/ECB/PKCS1Padding,Covered
POST,/IBSDPTran/v3/simple-dollar-transactions,NA,NA,Y,AES/CBC/PKCS5Padding,RSA/ECB/PKCS1Padding,Covered
POST,/IBSTR/v3/transfers,NA,NA,Y,AES/CBC/PKCS5Padding,RSA/ECB/PKCS1Padding,Covered
POST,/IBSTR/v3/transfers/credit-card-payments,NA,NA,Y,AES/CBC/PKCS5Padding,RSA/ECB/PKCS1Padding,Covered
POST,/IBSTR/v3/transfers/mortgage-loan-payments,NA,NA,Y,AES/CBC/PKCS5Padding,RSA/ECB/PKCS1Padding,Covered
GET,/IBSCIRLT/v3/customer-customer-relationships/{CustNbr},CustNbr,NA,Y,AES/CBC/PKCS5Padding,RSA/ECB/PKCS1Padding,Covered
PUT,/IBSCIRLT/v3/customer-customer-relationships,NA,NA,Y,AES/CBC/PKCS5Padding,RSA/ECB/PKCS1Padding,Covered
POST,/IBSCIRLT/v3/customer-customer-relationships,NA,NA,Y,AES/CBC/PKCS5Padding,RSA/ECB/PKCS1Padding,Covered
DELETE,/IBSCIRLT/v3/customer-customer-relationships/{CustNbr}/{RltCustNbr}/{E1toE2Cde}/{E2toE1Cde},CustNbr,NA,Y,AES/CBC/PKCS5Padding,RSA/ECB/PKCS1Padding,Covered
GET,/IBSRE/v2/plans/{PlnNbr}/distribution-options,PlnNbr,NA,Y,AES/CBC/PKCS5Padding,RSA/ECB/PKCS1Padding,Covered
PUT,/IBSRE/v2/plans/{PlnNbr}/distribution-options,PlnNbr,NA,Y,AES/CBC/PKCS5Padding,RSA/ECB/PKCS1Padding,Covered
PUT,/IBSCIACCTDEM/v3/related-accounts-address,NA,NA,Y,AES/CBC/PKCS5Padding,RSA/ECB/PKCS1Padding,Covered
DELETE,/IBSDPMAINT/v3/accounts/{AcctNbr}/miscellaneous-service-charges/{MiscServChrgDte}/{MiscServChrgAmt}/{TxnCde},AcctNbr,NA,Y,AES/CBC/PKCS5Padding,RSA/ECB/PKCS1Padding,Covered
GET,/IBSDPMAINT/v3/accounts/{AcctNbr}/miscellaneous-service-charges,AcctNbr,NA,Y,AES/CBC/PKCS5Padding,RSA/ECB/PKCS1Padding,Covered
POST,/IBSDPMAINT/v3/accounts/{AcctNbr}/miscellaneous-service-charges,AcctNbr,NA,Y,AES/CBC/PKCS5Padding,RSA/ECB/PKCS1Padding,Covered
GET,/IBSCICUSTSTMT/v3/customers/{CICustNbr}/statements,CICustNbr,NA,Y,AES/CBC/PKCS5Padding,RSA/ECB/PKCS1Padding,Covered
GET,/IBSRVM/v1/enrollments/{EnrlmtID}/evaluation-history,EnrlmtID,NA,Y,AES/CBC/PKCS5Padding,RSA/ECB/PKCS1Padding,Covered
PUT,/IBSDPTR/v3/external-ach-transfers/{AcctNbr},AcctNbr,NA,Y,AES/CBC/PKCS5Padding,RSA/ECB/PKCS1Padding,Covered
GET,/IBSDPTR/v3/external-ach-transfers/{AcctNbr},AcctNbr,NA,Y,AES/CBC/PKCS5Padding,RSA/ECB/PKCS1Padding,Covered
POST,/IBSDPTR/v3/transfers,NA,NA,Y,AES/CBC/PKCS5Padding,RSA/ECB/PKCS1Padding,Covered
POST,/IBSFM/v3/collection-disbursement-transfers,NA,NA,Y,AES/CBC/PKCS5Padding,RSA/ECB/PKCS1Padding,Covered
PUT,/IBSFM/v3/collection-disbursement-transfers/{FMColSystem}/{FMColPriAcct}/{FMColSeq},FMColSystem,FMColPriAcct,Y,AES/CBC/PKCS5Padding,RSA/ECB/PKCS1Padding,Covered
GET,/IBSFM/v3/collection-disbursement-transfers/{FMColSystem}/{FMColPriAcct}/{FMColSeq},FMColSystem,FMColPriAcct,Y,AES/CBC/PKCS5Padding,RSA/ECB/PKCS1Padding,Covered
PUT,/IBSCICUSTDEM/v3/customers/{CIApplNbr}/addresses,CIApplNbr,NA,Y,AES/CBC/PKCS5Padding,RSA/ECB/PKCS1Padding,Covered
GET,/IBSBC/v2/index-rates/{RteNbr},NA,NA,Y,AES/CBC/PKCS5Padding,RSA/ECB/PKCS1Padding,Covered
POST,/IBSDDB/v1/dynamic-deposit-boarding,NA,NA,Y,AES/CBC/PKCS5Padding,RSA/ECB/PKCS1Padding,Covered
POST,/IBSDPTran/v3/online-dollar-transactions-predefined-auto-override,NA,NA,Y,AES/CBC/PKCS5Padding,RSA/ECB/PKCS1Padding,Covered
POST,/IBSDPTran/v3/single-simple-dollar-transaction,NA,NA,Y,AES/CBC/PKCS5Padding,RSA/ECB/PKCS1Padding,Covered
POST,/IBSCB/v3/cards/card-authentication-encrypted,NA,NA,Y,AES/CBC/PKCS5Padding,RSA/ECB/PKCS1Padding,Covered
GET,/IBSLNNOTE/v3/accounts/{AcctNbr}/notes-list,AcctNbr,NA,Y,AES/CBC/PKCS5Padding,RSA/ECB/PKCS1Padding,Covered
GET,/IBSBC/v2/deposit-interest-plans/realtime,NA,NA,Y,AES/CBC/PKCS5Padding,RSA/ECB/PKCS1Padding,Covered
PUT,/IBSDPTran/v3/health-savings-account-transactions/hsa-code,NA,NA,Y,AES/CBC/PKCS5Padding,RSA/ECB/PKCS1Padding,Covered
GET,/IBSCIRLT/v3/beneficiary-account-relationships/{ApplCde}/{AcctNbr}/dynamic-inquiry,AcctNbr,NA,Y,AES/CBC/PKCS5Padding,RSA/ECB/PKCS1Padding,Covered
GET,/IBSCIRLT/v3/beneficiary-account-relationships/dynamic-inquiry/fields,NA,NA,Y,AES/CBC/PKCS5Padding,RSA/ECB/PKCS1Padding,Covered
POST,/IBSCIRLT/v3/beneficiary-account-relationships/dynamic-inquiry/signature,NA,NA,Y,AES/CBC/PKCS5Padding,RSA/ECB/PKCS1Padding,Covered
GET,/IBSCICUSTDEM/v3/households/{AcctNbr},AcctNbr,NA,Y,AES/CBC/PKCS5Padding,RSA/ECB/PKCS1Padding,Covered
GET,/IBSCIMISCACCT/v3/miscellaneous-accounts/{ApplCde}/{AcctNbr}/name-address,ApplCde,AcctNbr,Y,AES/CBC/PKCS5Padding,RSA/ECB/PKCS1Padding,Covered
PUT,/IBSCICUSTDEM/v3/customers/{CIApplNbr}/future-addresses,CIApplNbr,NA,Y,AES/CBC/PKCS5Padding,RSA/ECB/PKCS1Padding,Covered
GET,/IBSDPACCT/v3/health-savings-accounts/{AcctNbr},AcctNbr,NA,Y,AES/CBC/PKCS5Padding,RSA/ECB/PKCS1Padding,Covered
PUT,/IBSDPACCT/v3/accounts/{AcctNbr}/reopen,AcctNbr,NA,Y,AES/CBC/PKCS5Padding,RSA/ECB/PKCS1Padding,Covered
GET,/IBSLNUD/v3/accounts/{acctNbr}/commitments/{lnCommtNbr}/user-defined-fields,acctNbr,NA,Y,AES/CBC/PKCS5Padding,RSA/ECB/PKCS1Padding,Covered
PUT,/IBSLNUD/v3/accounts/{acctNbr}/commitments/{lnCommtNbr}/user-defined-fields,acctNbr,NA,Y,AES/CBC/PKCS5Padding,RSA/ECB/PKCS1Padding,Covered
POST,/IBSLNUD/v3/accounts/{acctNbr}/commitments/{lnCommtNbr}/user-defined-fields,acctNbr,NA,Y,AES/CBC/PKCS5Padding,RSA/ECB/PKCS1Padding,Covered
DELETE,/IBSLNUD/v3/accounts/{acctNbr}/commitments/{lnCommtNbr}/user-defined-fields,acctNbr,NA,Y,AES/CBC/PKCS5Padding,RSA/ECB/PKCS1Padding,Covered
GET,/IBSLNUD/v3/accounts/{acctNbr}/notes/{noteNbr}/user-defined-fields,acctNbr,NA,Y,AES/CBC/PKCS5Padding,RSA/ECB/PKCS1Padding,Covered
PUT,/IBSLNUD/v3/accounts/{acctNbr}/notes/{noteNbr}/user-defined-fields,acctNbr,NA,Y,AES/CBC/PKCS5Padding,RSA/ECB/PKCS1Padding,Covered
POST,/IBSLNUD/v3/accounts/{acctNbr}/notes/{noteNbr}/user-defined-fields,acctNbr,NA,Y,AES/CBC/PKCS5Padding,RSA/ECB/PKCS1Padding,Covered
DELETE,/IBSLNUD/v3/accounts/{acctNbr}/notes/{noteNbr}/user-defined-fields,acctNbr,NA,Y,AES/CBC/PKCS5Padding,RSA/ECB/PKCS1Padding,Covered
DELETE,/IBSDPDEM/v3/accounts/{AcctNbr}/addresses/{DPNmeAndAddrTyp},AcctNbr,NA,Y,AES/CBC/PKCS5Padding,RSA/ECB/PKCS1Padding,Covered
GET,/IBSCIRLT/v3/customers/{CustNbr}/accounts/related-customers,CustNbr,NA,Y,AES/CBC/PKCS5Padding,RSA/ECB/PKCS1Padding,Covered
GET,/IBSLNNOTE/v3/accounts/{AcctNbr}/notes,AcctNbr,NA,Y,AES/CBC/PKCS5Padding,RSA/ECB/PKCS1Padding,Covered
PUT,/IBSCIRLT/v3/accounts/beneficiary-account-relationships,NA,NA,Y,AES/CBC/PKCS5Padding,RSA/ECB/PKCS1Padding,Covered
POST,/IBSSCP/v1/deposit-single-commit,NA,NA,Y,AES/CBC/PKCS5Padding,RSA/ECB/PKCS1Padding,Covered
GET,/IBSDPACCT/v3/accounts/{AcctNbr}/calculated-next-cycle-date,AcctNbr,NA,Y,AES/CBC/PKCS5Padding,RSA/ECB/PKCS1Padding,Covered
GET,/IBSDPKEY/v3/accounts/{DPAcctNbr}/keywords,DPAcctNbr,NA,Y,AES/CBC/PKCS5Padding,RSA/ECB/PKCS1Padding,Covered
GET,/IBSCIRLT/v3/accounts/{ApplCde}/{RltAcctNbr}/profile,RltAcctNbr,NA,Y,AES/CBC/PKCS5Padding,RSA/ECB/PKCS1Padding,Covered
POST,/IBSCB/v3/cardbase-single-commit,NA,NA,Y,AES/CBC/PKCS5Padding,RSA/ECB/PKCS1Padding,Covered
GET,/IBSDPACCT/v3/accounts/{AcctNbr}/auto-closings,AcctNbr,NA,Y,AES/CBC/PKCS5Padding,RSA/ECB/PKCS1Padding,Covered
PUT,/IBSDPACCT/v3/accounts/{AcctNbr}/auto-closings,AcctNbr,NA,Y,AES/CBC/PKCS5Padding,RSA/ECB/PKCS1Padding,Covered
GET,/IBSCIRLT/v3/customers/{custNbr}/balance-summary,custNbr,NA,Y,AES/CBC/PKCS5Padding,RSA/ECB/PKCS1Padding,Covered
GET,/IBSCIRLT/v3/households/{householdNbr}/balance-summary,householdNbr,NA,Y,AES/CBC/PKCS5Padding,RSA/ECB/PKCS1Padding,Covered
GET,/IBSCB/v3/plan/{PlanNumber}/service-charge,PlanNumber,PlanEffectiveDate,Y,AES/CBC/PKCS5Padding,RSA/ECB/PKCS1Padding,Covered
GET,/IBSCB/v3/plan/{PlanNumber}/waive-service-charge,PlanNumber,PlanEffectiveDate,Y,AES/CBC/PKCS5Padding,RSA/ECB/PKCS1Padding,Covered
GET,/IBSCIRLT/v3/customers/{CustNbr}/profile,CustNbr,NA,Y,AES/CBC/PKCS5Padding,RSA/ECB/PKCS1Padding,Covered
GET,/IBSDPACCT/v3/accounts/{AcctNbr},AcctNbr,NA,Y,AES/CBC/PKCS5Padding,RSA/ECB/PKCS1Padding,Covered
GET,/IBSDPACCT/v3/accounts/{AcctNbr}/bai-destinations,AcctNbr,NA,Y,AES/CBC/PKCS5Padding,RSA/ECB/PKCS1Padding,Covered
GET,/IBSRE/v2/plans/{PlnNbr},NA,NA,Y,AES/CBC/PKCS5Padding,RSA/ECB/PKCS1Padding,Covered
GET,/IBSBC/v2/index-rates,NA,NA,Y,AES/CBC/PKCS5Padding,RSA/ECB/PKCS1Padding,Covered
DELETE,/IBSFM/v3/collection-disbursement-transfers/{FMColSystem}/{FMColPriAcct}/{FMColSeq},FMColPriAcct,NA,Y,AES/CBC/PKCS5Padding,RSA/ECB/PKCS1Padding,Covered
GET,/IBSCB/v3/cards/{CrdNbr}/statements,CrdNbr,NA,Y,AES/CBC/PKCS5Padding,RSA/ECB/PKCS1Padding,Covered
GET,/IBSCBACCT/v3/cards/{CrdNbr}/history-transactions/detail,CrdNbr,NA,Y,AES/CBC/PKCS5Padding,RSA/ECB/PKCS1Padding,Covered
GET,/IBSCIRLT/v3/consumer-internet-banking-accounts/{AcctNbr}/profile,AcctNbr,NA,Y,AES/CBC/PKCS5Padding,RSA/ECB/PKCS1Padding,Covered
GET,/IBSCIRLT/v3/customers/{CustNbr}/related-accounts,CustNbr,NA,Y,AES/CBC/PKCS5Padding,RSA/ECB/PKCS1Padding,Covered
PUT,/IBSFM/v3/scheduled-transfers/{TrgtSysCde}/{SndAcctNbr}/{SeqNbr},SndAcctNbr,NA,Y,AES/CBC/PKCS5Padding,RSA/ECB/PKCS1Padding,Covered
POST,/IBSCIRLT/v3/account-account-relationships,NA,NA,Y,AES/CBC/PKCS5Padding,RSA/ECB/PKCS1Padding,Covered
POST,/IBSDP/v2/accounts/statement-requests,NA,NA,Y,AES/CBC/PKCS5Padding,RSA/ECB/PKCS1Padding,Covered
POST,/IBSSCP/v3/customer-single-commit,NA,NA,Y,AES/CBC/PKCS5Padding,RSA/ECB/PKCS1Padding,Covered
POST,/IBSDPTran/v3/online-dollar-transactions,NA,NA,Y,AES/CBC/PKCS5Padding,RSA/ECB/PKCS1Padding,Covered
POST,/IBSLNNOTE/v3/accounts/{AcctNbr}/notes,AcctNbr,NA,Y,AES/CBC/PKCS5Padding,RSA/ECB/PKCS1Padding,Covered
POST,/IBSDPACCT/v3/account-numbers,NA,NA,Y,AES/CBC/PKCS5Padding,RSA/ECB/PKCS1Padding,Covered
POST,/IBSDPACCT/v3/accounts,NA,NA,Y,AES/CBC/PKCS5Padding,RSA/ECB/PKCS1Padding,Covered
PUT,/IBSDPACCT/v3/accounts/{AcctNbr},AcctNbr,NA,Y,AES/CBC/PKCS5Padding,RSA/ECB/PKCS1Padding,Covered
DELETE,/IBSCIRLT/v3/account-account-relationships/{ApCd1}/{AcNbr1}/{ApCd2}/{AcNbr2}/{E1ToE2RlCd}/{E2ToE1RlCd}/{CIRlEfDt},AcNbr1|AcNbr2,NA,Y,AES/CBC/PKCS5Padding,RSA/ECB/PKCS1Padding,Covered
DELETE,/IBSCIRLT/v3/accounts/{ApplCde}/{ApplNbr},ApplNbr,NA,Y,AES/CBC/PKCS5Padding,RSA/ECB/PKCS1Padding,Covered
DELETE,/IBSCIRLT/v3/customer-account-relationships/{ApCd1}/{ApNbr1}/{AcNbr2}/{E1ToE2RlCd}/{E2ToE1RlCd}/{CIRlEfDt},ApNbr1|AcNbr2,NA,Y,AES/CBC/PKCS5Padding,RSA/ECB/PKCS1Padding,Covered
DELETE,/IBSLNNOTE/v3/accounts/{AcctNbr}/notes/{NoteNbr}/holds,AcctNbr,NA,Y,AES/CBC/PKCS5Padding,RSA/ECB/PKCS1Padding,Covered
DELETE,/IBSVE/v3/account-validations/{VESeqNbr},VESeqNbr,NA,Y,AES/CBC/PKCS5Padding,RSA/ECB/PKCS1Padding,Covered
GET,/IBSCBACCT/v3/cards/{CrdNbr}/transactions,CrdNbr,NA,Y,AES/CBC/PKCS5Padding,RSA/ECB/PKCS1Padding,Covered
GET,/IBSCBACCT/v3/cards/{CrdNbr}/transactions/detail,CrdNbr,NA,Y,AES/CBC/PKCS5Padding,RSA/ECB/PKCS1Padding,Covered
GET,/IBSCIRLT/v3/customers/{CICustNbr}/user-defined-profile,CICustNbr,NA,Y,AES/CBC/PKCS5Padding,RSA/ECB/PKCS1Padding,Covered
GET,/IBSDP1/v1/accounts/{AcctNbr}/balances,AcctNbr,NA,Y,AES/CBC/PKCS5Padding,RSA/ECB/PKCS1Padding,Covered
GET,/IBSDP1/v1/accounts/{AcctNbr}/transactions,AcctNbr,NA,Y,AES/CBC/PKCS5Padding,RSA/ECB/PKCS1Padding,Covered
GET,/IBSDPACCT/v3/accounts/{AcctNbr}/certificates-of-deposit,AcctNbr,NA,Y,AES/CBC/PKCS5Padding,RSA/ECB/PKCS1Padding,Covered
GET,/IBSFM/v3/deficit-transfers/{FMDPSysReceivingAcctNbr}/{RcvAcctSysCde}/{FMDfctTrsfrSeqNbr},FMDPSysReceivingAcctNbr,NA,Y,AES/CBC/PKCS5Padding,RSA/ECB/PKCS1Padding,Covered
GET,/IBSLC/v3/accounts/{AcctNbr}/collaterals,AcctNbr,NA,Y,AES/CBC/PKCS5Padding,RSA/ECB/PKCS1Padding,Covered
GET,/IBSSB/v2/branches/{Brnch}/boxes/{BoxPrfx}/{BoxNbr}/dollar-transactions,NA,NA,Y,AES/CBC/PKCS5Padding,RSA/ECB/PKCS1Padding,Covered
GET,/IBSSB/v3/branches/{brnch}/boxes/{boxPrfx}/{boxNbr}/accesses,NA,NA,Y,AES/CBC/PKCS5Padding,RSA/ECB/PKCS1Padding,Covered
GET,/IBSSB/v3/branches/{Brnch}/vacant-boxes,NA,NA,Y,AES/CBC/PKCS5Padding,RSA/ECB/PKCS1Padding,Covered
GET,/IBSTE/v2/ctr-conductor-information/{TINType}/{TIN},TIN,NA,Y,AES/CBC/PKCS5Padding,RSA/ECB/PKCS1Padding,Covered
GET,/IBSVE/v3/account-validations/{VESeqNbr},VESeqNbr,CustID,Y,AES/CBC/PKCS5Padding,RSA/ECB/PKCS1Padding,Covered
GET,/IBSVE/v3/account-validations-customers/{CustID},CustID,VESeqNbr,Y,AES/CBC/PKCS5Padding,RSA/ECB/PKCS1Padding,Covered
GET,/IBSVE/v3/banks/{ABARoutingNumber},NA,NA,Y,AES/CBC/PKCS5Padding,RSA/ECB/PKCS1Padding,Covered
POST,/IBSCB/v3/cards/encrypted,NA,NA,Y,AES/CBC/PKCS5Padding,RSA/ECB/PKCS1Padding,Covered
POST,/IBSCIRLT/v3/customer-account-relationships,NA,NA,Y,AES/CBC/PKCS5Padding,RSA/ECB/PKCS1Padding,Covered
POST,/IBSDP1/v1/transfers,NA,NA,Y,AES/CBC/PKCS5Padding,RSA/ECB/PKCS1Padding,Covered
POST,/IBSDPACCT/v3/multiple-accounts/balances,NA,NA,Y,AES/CBC/PKCS5Padding,RSA/ECB/PKCS1Padding,Covered
POST,/IBSDPACCT/v3/multiple-dl-accounts/balances,NA,NA,Y,AES/CBC/PKCS5Padding,RSA/ECB/PKCS1Padding,Covered
POST,/IBSLC/v3/accounts/{AcctNbr}/collaterals,AcctNbr,NA,Y,AES/CBC/PKCS5Padding,RSA/ECB/PKCS1Padding,Covered
POST,/IBSLC/v3/accounts/{AcctNbr}/collaterals/{CollNbr}/relationship,AcctNbr,NA,Y,AES/CBC/PKCS5Padding,RSA/ECB/PKCS1Padding,Covered
POST,/IBSLNNOTE/v3/accounts/{LNHldAcctNbr}/notes/{LNHldNoteNbr}/holds,LNHldAcctNbr,NA,Y,AES/CBC/PKCS5Padding,RSA/ECB/PKCS1Padding,Covered
POST,/IBSLNTRAN/v3/accounts/{AcctNbr}/notes/{NoteNbr}/disbursement,AcctNbr,NA,Y,AES/CBC/PKCS5Padding,RSA/ECB/PKCS1Padding,Covered
POST,/IBSLO/v2/loan-boarding,NA,NA,Y,AES/CBC/PKCS5Padding,RSA/ECB/PKCS1Padding,Covered
POST,/IBSLO/v3/loan-boarding,NA,NA,Y,AES/CBC/PKCS5Padding,RSA/ECB/PKCS1Padding,Covered
POST,/IBSTE/v2/ctr-conductor-information,NA,NA,Y,AES/CBC/PKCS5Padding,RSA/ECB/PKCS1Padding,Covered
POST,/IBSTE/v2/monetary-purchaser-information,NA,NA,Y,AES/CBC/PKCS5Padding,RSA/ECB/PKCS1Padding,Covered
POST,/IBSTE/v2/multi-cashier-checks,NA,NA,Y,AES/CBC/PKCS5Padding,RSA/ECB/PKCS1Padding,Covered
POST,/IBSTE/v2/multi-cashier-checks,NA,NA,Y,AES/CBC/PKCS5Padding,RSA/ECB/PKCS1Padding,Covered
POST,/IBSVE/v3/account-validations,NA,NA,Y,AES/CBC/PKCS5Padding,RSA/ECB/PKCS1Padding,Covered
PUT,/IBSCBPIN/v3/cards/pins/encrypted,NA,NA,Y,AES/CBC/PKCS5Padding,RSA/ECB/PKCS1Padding,Covered
PUT,/IBSCIACCTDEM/v3/accounts/{AppCde}/{ApplNbr}/name-address,ApplNbr,NA,Y,AES/CBC/PKCS5Padding,RSA/ECB/PKCS1Padding,Covered
PUT,/IBSCIRLT/v3/customer-account-relationships/{ApCd1}/{ApNbr1},ApNbr1,NA,Y,AES/CBC/PKCS5Padding,RSA/ECB/PKCS1Padding,Covered
PUT,/IBSDPMAINT/v3/accounts/{AcctNbr}/datachange,AcctNbr,NA,Y,AES/CBC/PKCS5Padding,RSA/ECB/PKCS1Padding,Covered
PUT,/IBSET/v3/users/{UsrId}/processing-groups,NA,NA,Y,AES/CBC/PKCS5Padding,RSA/ECB/PKCS1Padding,Covered
PUT,/IBSVE/v3/account-validations/{VESeqNbr},VESeqNbr,NA,Y,AES/CBC/PKCS5Padding,RSA/ECB/PKCS1Padding,Covered
GET,/IBSCIRLT/v3/households/{acctNbr}/profile,acctNbr,NA,Y,AES/CBC/PKCS5Padding,RSA/ECB/PKCS1Padding,Covered
DELETE,/IBSLNCMMT/v3/accounts/{AcctNbr}/commitments/{CmmtNbr}/community-reinvestment-act,AcctNbr,NA,Y,AES/CBC/PKCS5Padding,RSA/ECB/PKCS1Padding,Covered
POST,/IBSLNCMMT/v3/accounts/{AcctNbr}/commitments/{CmmtNbr}/community-reinvestment-act,AcctNbr,NA,Y,AES/CBC/PKCS5Padding,RSA/ECB/PKCS1Padding,Covered
PUT,/IBSLNCMMT/v3/accounts/{AcctNbr}/commitments/{CmmtNbr}/community-reinvestment-act,AcctNbr,NA,Y,AES/CBC/PKCS5Padding,RSA/ECB/PKCS1Padding,Covered
DELETE,/IBSLNNOTE/v3/accounts/{AcctNbr}/notes/{NoteNbr}/community-reinvestment-act,AcctNbr,NA,Y,AES/CBC/PKCS5Padding,RSA/ECB/PKCS1Padding,Covered
POST,/IBSLNNOTE/v3/accounts/{AcctNbr}/notes/{NoteNbr}/community-reinvestment-act,AcctNbr,NA,Y,AES/CBC/PKCS5Padding,RSA/ECB/PKCS1Padding,Covered
PUT,/IBSLNNOTE/v3/accounts/{AcctNbr}/notes/{NoteNbr}/community-reinvestment-act,AcctNbr,NA,Y,AES/CBC/PKCS5Padding,RSA/ECB/PKCS1Padding,Covered
